2654;"КБ ""Унифин"" АО"
1752;"АККСБ ""КС БАНК"" (ПАО)"
2192;"КБ ""Рублевский"" ООО"
3508;"НКО ""МОНЕТА.РУ"" (ООО)"
3290;"ООО ""Эйч-эс-би-си Банк (РР)"""
384;"НКО ""СПРП"" (ООО)"
2837;"ООО КБ ""Холдинвестбанк"""
3421;"АО Банк ""Национальный стандарт"""
3300;"АО ""КОШЕЛЕВ-БАНК"""
1481;ПАО Сбербанк
236;"ООО ""СПЕЦСТРОЙБАНК"""
2937;"Банк ""АББ"" (АО)"
2015;"""СИБСОЦБАНК"" ООО"
3506;"""Единый Строительный Банк"" (ООО)"
3054;"ООО КБ ""Адмиралтейский"""
3413;"КБ ""РБА"" (ООО)"
1405;"ПАО АРКБ ""Росбизнесбанк"""
1657;"КБ ""ИНТЕРКОММЕРЦ"" (ООО)"
836;"АО БАНК ""РКБ"""
2776;"ООО ""АТБ"" Банк"
1378;"ОАО ""Тихоокеанский Внешторгбанк"""
2368;"Инвестиционный Банк ""ВЕСТА"" (ООО)"
2313;"АО АКБ ""РУССОБАНК"""
3308;ЗАО СРЦ
2364;"БАНК ""РЕЗЕРВ"" (АО)"
1006;"ПАО ""Башпромбанк"""
3202;ПАО НОКССБАНК
3384;"""Дил-банк"" (ООО)"
684;"ООО КБ ""Сургутский Центральный"""
2949;"АО ""Эксперт Банк"""
3481;"ООО ""Банк ПСА Финанс РУС"""
598;"ПАО ""Великие Луки банк"""
2530;"ЗАО ""ЭКСИ-Банк"""
2534;"ОАО КБ ""Пойд?м!"""
3514;"НКО ""Премиум"" (ООО)"
3370;"ООО КБ ""МК Банк"""
3042;"ЗАО АКБ ""Сибирьгазбанк"""
2865;АКБ НМБ ОАО
226;"АО КБ ""РосинтерБанк"""
3485;"РНКО ""РЦ ЭНЕРГОБИЗНЕС"" (ООО)"
2264;"ОАО ""Северинвестбанк"""
2903;"ОАО АКБ ""Универсальный кредит"""
2763;"АКБ ""Инвестторгбанк"" (ПАО)"
539;"ОАО ""НОМОС-РЕГИОБАНК"""
3312;"МБО ""ОРГБАНК"" (ООО)"
2248;Сталь Банк (ООО)
2168;"""Сетелем Банк"" ООО"
2731;"АО ""ВостСибтранскомбанк"""
1202;"ОАО НКО ""Тувакредит"""
2764;"ОАО ""ТЭМБР-БАНК"""
2677;РИТЦ Банк (ООО)
1939;"ООО КБ ""Ренессанс"""
2965;"КБ ""СОЮЗПРОМБАНК"" ООО"
1732;"АО ""ИК Банк"""
812;"ПАО ""Уралтрансбанк"""
3181;"ООО КБ ""МНИБ"""
3224;"Банк ""СКС"" (ООО)"
2672;"ООО КБ ""Еврокапитал-Альянс"""
3261;"ООО ""Внешпромбанк"""
65;"ООО КБ ""КОЛЬЦО УРАЛА"""
1084;"ПАО КБ ""Верхневолжский"""
3455;"ЗАО КБ ""Свенска Хандельсбанкен"""
3505;"ЗАО ""БАНК БЕРЕЙТ"""
1244;"ООО КБ ""Первый депозитный"""
1868;"АО ""Арксбанк"""
480;"АО ""ТАТСОЦБАНК"""
2374;"АО ""НДБанк"""
3356;"АКБ ""МФТ-Банк"" (ОАО)"
1281;"АО комбанк ""Арзамас"""
2867;"АО ""ИШБАНК"""
3195;"КБ ""МИКО-БАНК"" ООО"
1776;"ОАО Банк ""Петрокоммерц"""
3313;ЗАО ЦРП
3250;"ИКБ ""ОЛМА-Банк"" (ООО)"
2998;"ООО ""Экспобанк"""
1354;РНКБ Банк (ПАО)
2011;"ОАО АКБ ""ЭКОПРОМБАНК"""
2606;"ООО КБ ""Сембанк"""
3122;"АКБ ""Ресурс-траст"" (АО)"
2034;"Банк ""СЕРВИС РЕЗЕРВ"" (АО)"
3350;"ООО КБ ""Расчетный Дом"""
875;"ОАО АКБ ""Пермь"""
2564;"ИКБР ""ЯРИНТЕРБАНК"" (ООО)"
2999;СБ Банк (ООО)
2506;"ООО ""банк Раунд"""
531;ООО Тревел Банк
3311;"АО ""Кредит Европа Банк"""
914;"КБ ""КБЦ"" /ООО/"
2108;"КБ ""Транснациональный банк"" (ООО)"
1;АО ЮниКредит Банк
2853;"ООО КБ ""Столичный Кредит"""
3443;"ООО КБ ""Анелик РУ"""
1027;АО ВКАБАНК
3507;"""СеверСтройБанк"" АО"
2868;"АКБ ""Кузбассхимбанк"" (ПАО)"
2809;"(ООО) КБ ""НЕОПОЛИС-БАНК"""
23;ОАО Банк АВБ
3137;"АКБ ""РосЕвроБанк"" (АО)"
1352;"ОАО УКБ ""Новобанк"""
2721;"""Северный Народный Банк"" (ПАО)"
2787;"""Мой Банк. Новосибирск"" (ОАО)"
1300;"ООО ""УИК-БАНК"""
2410;"ПАО КБ ""ПФС-БАНК"""
1885;"АКБ ""ФОРА-БАНК"" (АО)"
760;"ПАО УКБ ""Белгородсоцбанк"""
2668;"ЗАО КБ ""ЛАДА-КРЕДИТ"""
1411;"БАНК ""МНХБ"" ПАО"
1869;"ПАО КБ ""ЕвроситиБанк"""
1329;"АО ""Солид Банк"""
415;"ООО Банк ""Аверс"""
520;"ООО КБ ""Финанс Бизнес Банк"""
1105;"АО ""Вэлтон Банк"""
2862;"ООО ""БИЗНЕСБАНК"""
2857;"ООО КБ ""Контраст-банк"""
466;"ОАО КБ ""Максимум"""
2632;"ОАО АК ""БайкалБанк"""
1114;"ПАО Комбанк ""Химик"""
3307;"АО ""Данске банк"""
2152;"ОАО ""СЕВЗАПИНВЕСТПРОМБАНК"""
2268;"ПАО ""МТС-Банк"""
3089;"АКБ ""МИРЪ"" (ОАО)"
2103;"""Муниципальный Камчатпрофитбанк"" (АО)"
2252;"АКБ ""ТЕНДЕР-БАНК"" (АО)"
2873;"ОАО ""НАРОДНЫЙ ЗЕМЕЛЬНО-ПРОМЫШЛЕННЫЙ БАНК"""
1763;"АО КБ ""ИВАНОВО"""
543;"КБСР ""Дагестан"" ООО"
2494;"ЗАО ""БАНК КРЕДИТ СВИСС (МОСКВА)"""
3194;"АО ""Сити Инвест Банк"""
1441;"ООО КБ ""УМБ"""
2813;"АО КБ ""РУБанк"""
3028;"ООО КБ ""Международный расчетный банк"""
3171;"КБ ""МЕЖРЕГИОНАЛЬНЫЙ ПОЧТОВЫЙ БАНК"" ООО"
3516;"ООО ""ОНЕЙ БАНК"""
2942;"ООО КБ ""НКБ"""
3357;"ООО КБ ""Регионфинансбанк"""
3497;"ООО НКО ""Тор Кредит"""
1810;"""Азиатско-Тихоокеанский Банк"" (ПАО)"
3493;"ООО КБ ""Н-БАНК"""
2790;АО РОСЭКСИМБАНК
3073;"ПАО ""РГС Банк"""
860;"КБ ""Канский"" ООО"
1067;"ОАО ""БайкалИнвестБанк"""
1153;"ОАО ""ВКБ"""
2948;"АО АКБ ""Стелла-Банк"""
3471;"КБ ""МБК"" ООО"
485;"ПАО ""ЧЕЛИНДБАНК"""
2816;"ПАО ""БАНК СГБ"""
2827;"АО ""БИНБАНК кредитные карты"""
1896;"ЗАО ""Банк ""Вологжанин"""
1623;ВТБ 24 (ПАО)
3498;"КБ ""Еврорасчет"" (ООО)"
53;"ПАО Банк ""АЛЕКСАНДРОВСКИЙ"""
2;"АО ""КАБ ""Викинг"""
1987;"ЗАО ""МАБ"""
2070;"ООО ""АЛТЫНБАНК"""
2997;"АО ""Углеметбанк"""
3267;"ОАО КБ ""МАСТ-Банк"""
2503;"АКБ ""ЕИБ"" ЗАО"
3345;"ООО КБ ""Объединенный банк развития"""
2638;Банк ПТБ (ООО)
918;"ПАО ""Запсибкомбанк"""
2051;"АКБ ""Тройка"" (ОАО)"
3010;"ООО КБ ""ИНВЕСТСОЦБАНК"""
3245;"ПАО БАНК ""СИАБ"""
3295;"ООО КБ ""ФПК"""
3399;"КБ ""Природа"" (ООО)"
2880;"АО КБ ""АГРОПРОМКРЕДИТ"""
106;"ПАО КБ ""Сельмашбанк"""
2830;"АО КБ ""Соколовский"""
1574;"ПАО КБ ""КЕДР"""
2795;"ОАО ""НББ"""
507;"АО РНКО ""ПРИПОЛЯРКОМ"""
2499;"ООО ""Крона-Банк"""
3166;"РНКО ""Платежный Центр"" (ООО)"
1158;"АО ""Кузнецкбизнесбанк"""
2063;"АО КБ ""ФорБанк"""
3071;"ООО КБ ""ФДБ"""
990;"ООО КБ ""Дружба"""
2657;"КБ ""Старый Кремль"" (ООО)"
2316;"АО АКБ ""ГАЗБАНК"""
3513;"ООО НКО ""Дельта Кей"""
2879;"ПАО АКБ ""АВАНГАРД"""
857;"КБ ""Долинск"" (ЗАО)"
2644;"""БАНК ГОРОД"" (АО)"
3026;"ООО ""ИПОЗЕМбанк"""
2682;"КБ ""Крокус-Банк"" (ООО)"
3282;"ООО ""М плюс"""
3315;"АКБ ""БРР"" (ОАО)"
3391;"ЗАО ""БДК"""
1942;"АО ""ГЛОБЭКСБАНК"""
2207;"АКБ ""Спурт"" (ПАО)"
3454;"НКО ""ИНКАХРАН"" (АО)"
1951;"ООО ""ТАНДЕМБАНК"""
2688;"НКО ""Транзит"" ООО"
3407;"""БНП ПАРИБА БАНК"" АО"
604;"АКБ ""ПЕРВЫЙ ИНВЕСТИЦИОННЫЙ"" (ЗАО)"
2253;"КБ ""ВЕТБ"" АО"
2123;"ООО ""Промрегионбанк"""
3512;"ООО НКО ""Единая касса"""
210;"КБ ""Экспресс-кредит"" (АО)"
1751;ПАО МОСОБЛБАНК
2856;"ООО КБ ""ЭРГОБАНК"""
2398;"АО КБ ""Северный Кредит"""
1812;"ЗАО АКБ ""Хлебобанк"""
2535;"ООО ""Банк Империя"""
3515;"ООО ""Чайна Констракшн Банк"""
538;"ООО ""Промсельхозбанк"""
2388;"АКБ ""АлтайБизнес-Банк"" (ОАО)"
1835;"ПАО ""Аделантбанк"""
2299;"АКБ ""ВЕК"" (АО)"
3467;"АО КБ ""ЮНИСТРИМ"""
3342;"НКО ""ОРС"" (АО)"
1738;"АО ""НСТ-БАНК"""
1598;"ОАО АКБ ""Лесбанк"""
2524;"КБ ""МКБ"" (ПАО)"
3234;"ООО КБ ""Профит Банк"""
3353;"НКО ООО ""АРБ-ИНКАСС"""
2589;"ОАО БАНК ""РОСТ"""
704;"ОИКБ ""Русь"" (ООО)"
2412;"ОАО АКБ ""Пробизнесбанк"""
1309;"ОАО АБ ""Народный банк РТ"""
2593;"ООО КБ ""Альба Альянс"""
1627;"ОАО ""Городской Ипотечный Банк"""
2609;"ОАО АКБ ""ИТ Банк"""
2438;"АКБ ""ГЛОБУС"" (ПАО)"
1249;"Банк ""Таатта"" АО"
3484;"КБ ""МСБ"" (ООО)"
2384;"ОАО Банк ""Алемар"""
3203;"АО АКБ ""Турбобанк"""
435;"ПАО ""Бест Эффортс Банк"""
1581;"""Тимер Банк"" (ПАО)"
1927;"ОАО КБ ""Региональный кредит"""
1087;"ОАО Банк ""ККБ"""
3456;"ООО ""Морган Стэнли Банк"""
841;"ООО ""Банк Стандарт-Кредит"""
2272;ПАО РОСБАНК
1049;"ООО ""Хакасский муниципальный банк"""
1144;"""Братский АНКБ"" ПАО"
249;"ПАО АКБ ""Урал ФД"""
1065;"АКБ ""Традо-Банк"" (ЗАО)"
503;"ЗАО ""Холмсккомбанк"""
1340;"ОАО ""НАШ БАНК"""
1743;"ЗАО ""Сберинвестбанк"""
410;"ОАО ""НОМОС-БАНК-Сибирь"""
1166;"ПАО НКБ ""РАДИОТЕХБАНК"""
2148;"АО ""АКБ ""КОР"""
2507;"АО ""Тольяттихимбанк"""
3487;"РНКО ""РБЦ"" (ООО)"
2767;"ООО КБ ""РОСАВТОБАНК"""
2157;"АКБ ""ФИНПРОМБАНК"" (ПАО)"
625;Банк - Т (ОАО)
3288;"ООО КБ ""Финансовый капитал"""
2174;"ООО КБ ""РАТИБОР-БАНК"""
2797;"ОАО ""СТБ"""
2065;"ООО ""МКБ им. С. ЖИВАГО"""
2896;"ПАО АКБ ""1Банк"""
1068;"ПАО ""Невский банк"""
825;"АО ""Нерюнгрибанк"""
2382;"БАНК ""ТУЛЬСКИЙ ПРОМЫШЛЕННИК"" (ПАО)"
3163;"КБ ""МФБанк"" ООО"
1948;"ООО МИБ ""ДАЛЕНА"""
3405;"ЗАО КБ ""ИНКРЕДБАНК"""
2902;"АКБ ""ЕВРОМЕТ"" (ПАО)"
3417;"КБ ""Новый век"" (ООО)"
2876;"АО КБ ""НИБ"""
3486;"НКО ""БРИНКС"" (ООО)"
2807;"АКБ ""Трансстройбанк"" (АО)"
3270;"КБ ""ВЕГА-БАНК"" (ООО)"
3517;"ООО НКО ""ПэйПал РУ"""
2738;"АКБ ""Держава"" ПАО"
330;"ООО Банк ""Саратов"""
3457;"АО ""ФОРУС Банк"""
2697;"АКБ ""Московский Вексельный Банк"" (АО)"
728;"ООО ""ТАТАГРОПРОМБАНК"""
2254;"Банк ""Кузнецкий мост"" АО"
3172;"ПАО ""МОСКОМБАНК"""
438;"ООО ""Камкомбанк"""
2794;"ЗАО ""ИпоТек Банк"""
3000;"КБ ""Арсенал"" ООО"
3474;"ЗАО НКО ""ДКД"""
1724;"ПАО АКБ ""ИРОНБАНК"""
783;"ОАО ""Роял Кредит Банк"""
2170;"АКБ ""НРБанк"" (АО)"
3011;"АКБ ""Мастер-Капитал"" (ОАО)"
3275;"КБ ""Гаранти Банк - Москва"" (АО)"
3139;"АКБ ""Новый Кредитный Союз"" (АО)"
2208;"АКБ ""Форштадт"" (АО)"
2810;"ОАО АКБ ""Русский земельный банк"""
3298;"АКБ ""КЭБ"" (ЗАО)"
3434;"""РИАБАНК"" (АО)"
2836;"АБ ""БРП"" (ОАО)"
1184;"АО ""Гринкомбанк"""
3458;"ЗАО НДКО ""ЖМС"""
3402;"КБ ""УНИВЕРСАЛТРАСТ"" (ООО)"
474;"АКБ ""ЕНИСЕЙ"" (ПАО)"
1968;"КБ ""Русский ипотечный банк"" (ООО)"
3393;"КБ ""РИАЛ-КРЕДИТ"" (ООО)"
2145;"АКБ ""ХОВАНСКИЙ"" (АО)"
3144;"АКБ ""ИнтрастБанк"" (ОАО)"
655;Таурус Банк (АО)
3490;"ООО ""Голдман Сакс Банк"""
2110;"АКБ ""ПЕРЕСВЕТ"" (АО)"
2966;"ООО КБ ""КАМЧАТКА"""
639;"ООО КБ ""Каспий"""
1242;"ПАО ""Липецккомбанк"""
3333;"ЗАО ""КОММЕРЦБАНК (ЕВРАЗИЯ)"""
149;"НКО ""Континент Финанс"" (ПАО)"
3440;"ПАО КБ ""ТЭСТ"""
3525;"ООО ""КЭБ БАНК РУС"""
3411;"КБ ""Евросоюз"" (ООО)"
2249;"АО ""Народный банк"""
3378;"""Интерактивный Банк"" (ООО)"
429;"ПАО КБ ""УБРиР"""
3184;"КБ ""Континенталь"" ООО"
1792;"ООО ""Русфинанс Банк"""
1745;"ПАО ""БыстроБанк"""
2571;"""ИНРЕСБАНК"" ООО"
2484;"ПАО Банк ""Онего"""
3174;"ООО КБ ""Транспортный"""
3496;"НКО ""Финансовые услуги"" (ООО)"
2273;"ООО КБ ""Банк БФТ"""
1415;"""Фреско банк"" (ЗАО)"
3466;Банк НКЦ (АО)
3106;"ООО ""ТРАНСЭНЕРГОБАНК"""
3386;"ООО ""НРК"""
2620;"АО КБ ""МБР-банк"""
3098;"АО КБ ""РУБЛЕВ"""
1043;"ЗАО ""Промсбербанк"""
3328;"ООО ""Дойче Банк"""
2798;Банк Экономический Союз (АО)
1343;"Банк ""Левобережный"" (ПАО)"
963;"ПАО ""Совкомбанк"""
1978;"ОАО ""МОСКОВСКИЙ КРЕДИТНЫЙ БАНК"""
2258;"АКБ ""Мострансбанк"" ОАО"
2216;"АО ""Банк Интеза"""
67;"АКБ ""Энергобанк"" (ПАО)"
2435;"ООО РНКО ""УМУТ"""
1439;"Банк ""Возрождение"" (ПАО)"
2733;"ПАО СКБ Приморья ""Примсоцбанк"""
2167;"ПАО ""Банк Екатерининский"""
3408;"АО ""СМАРТБАНК"""
2071;"ООО ""Плато-банк"""
2838;"ООО КБ ""СИНКО-БАНК"""
1659;ООО Банк Оранжевый
1926;"ООО КБ ""НЕВАСТРОЙИНВЕСТ"""
1398;БАШКОМСНАББАНК (ПАО)
1151;"ООО КБ ""Калуга"""
1928;"ООО КБ ""ГРиС-Банк"""
3398;"ООО ""Вестинтербанк"""
3430;"АО НКО ""Расчетный Финансовый Дом"""
3052;"АО ""Европлан Банк"""
696;"ПАО АКБ ""Акцент"""
3390;"""Натиксис Банк АО"""
3404;"ООО ""Трастовый Республиканский Банк"""
2285;"ПАО ""Донхлеббанк"""
3479;"ЗАО ""Ури Банк"""
2801;"АКБ ""СТРАТЕГИЯ"" (ПАО)"
654;"АО ""Банк Воронеж"""
1608;"ОАО КБ ""РЕГИОНАЛЬНЫЙ КРЕДИТНЫЙ БАНК"""
282;"ОАО ""Волго-Камский банк"""
991;"ОАО ""АФ Банк"""
2761;"КБ ""ПСИБ"" (ООО)"
514;"ОАО ""АБ Финанс Банк"""
3437;Банк НФК (АО)
2748;"ОАО ""Банк Москвы"""
3371;"ООО НКО ""Рапида"""
3433;"ООО КБ ""Стар Альянс"""
1317;"ОАО ""Собинбанк"""
1972;"АБ ""Девон-Кредит"" (ПАО)"
1971;"ПАО ""Ханты-Мансийский банк Открытие"""
2707;"КБ ""ЛОКО-Банк"" (АО)"
1370;"ООО КБ ""Уралфинанс"""
609;"ПАО Банк ""Кузнецкий"""
2617;"ООО КБ ""Банк Расчетов и Сбережений"""
1809;"АО БАНК ""Ермак"""
3360;"ПАО ""Крайинвестбанк"""
3397;"КБ ""ССтБ"" (ООО)"
596;"Банк ""Уссури"" (АО)"
548;"АО ""СтарБанк"""
874;"Банк ""Прохладный"" ООО"
3017;"""Республиканский Кредитный Альянс"" ООО"
766;"АКБ ""Северо-Западный 1 Альянс Банк"" ОАО"
1586;"АО КБ ""ТЕТРАПОЛИС"""
3084;"ОАО АКБ ""ЭКСПРЕСС"""
3491;"ООО ""Идеалбанк"""
2210;ТКБ БАНК ПАО
2235;"АКБ ""Мультибанк"" ОАО"
537;"АО КБ ""Приобье"""
2142;"ОАО ""ТрансКредитБанк"""
948;"ЗАО ""М БАНК"""
2537;"КБ ""ПРИСКО КАПИТАЛ БАНК""
3173;"ООО КБ ""ВНЕШФИНБАНК"""
1282;"ОАО Инвестбанк ""БЗЛ"""
1071;"КБ ""Спутник"" (ПАО)"
1197;"ООО КБ ""Кредитинвест"""
3381;"НКО ""Первый земельный РЦ"" (ООО)"
3090;"АКБ ""ГАЛАБАНК"" ЗАО"
777;"ПАО ""БИНБАНК Тверь"""
1730;"ОАО ""ПРБ"""
1626;"ЗАО КБ ""УРАЛЛИГА"""
3006;"ПАО ""АК Банк"""
1277;"Банк ""Богородский"" (ООО)"
901;"АО ""Меткомбанк"""
2241;КИВИ Банк (АО)
2604;"АКБ ""Сибирский Энергетический Банк"" (ЗАО)"
2706;"ООО КБ ""Интеркапитал-Банк"""
2890;"КБ ""ВИТЯЗЬ"" - (ООО)"
3416;"ООО ""Унифондбанк"""
2029;"ОАО ""Смоленский Банк"""
1455;"АО ""Автоградбанк"""
1956;"ООО КБ ""Инвест-Экобанк"""
2888;"АО ""РОСТ БАНК"""
1677;"АБ ""БПФ"" (ЗАО)"
2982;"АО ""ГОРБАНК"""
2646;АО БАНК МПБ
568;"АО КБ ""Златкомбанк"""
2928;"АО АКБ ""Банкирский Дом"""
1747;"ООО ""НОВОКИБ"""
1319;"АО ""Экономбанк"""
930;"ЗАО ""Новый Промышленный Банк"""
3468;Санкт-Петербургский банк инвестиций (АО)
2793;"ОАО ""РУСИЧ ЦЕНТР БАНК"""
2227;"""Банк24.ру"" (ОАО)"
1982;"КБ ""БТФ"" ООО"
3205;"АО ""РУССТРОЙБАНК"""
558;"АО Банк ""Советский"""
1661;"ПАО РАКБ ""МОСКВА"""
3427;"НКО ""Русское финансовое общество"" (ООО)"
3001;"ПАО АКБ ""Приморье"""
2905;"""Банк Кремлевский"" ООО"
2722;"БАНК ""МСКБ"" (ПАО)"
653;"ОАО ГБ ""Симбирск"""
3286;"ООО ""Дагэнергобанк"""
2156;"АО ""Нефтепромбанк"""
1060;"КБ ""БДБ"" (ООО)"
1143;"ООО ""ФФИН Банк"""
2989;"ОАО ""ФОНДСЕРВИСБАНК"""
1639;"КБ ""Метрополь"" ООО"
2557;"АО КБ ""Ситибанк"""
3349;"АО ""Россельхозбанк"""
622;"ООО КБ ""АкадемРусБанк"""
3200;"КБ ""ЕВРОСТАНДАРТ"" (ООО)"
3324;НКО РП СВМБ АО
3064;"ОАО ""Сведбанк"""
2796;"Банк ""Вятич"" (ПАО)"
3431;"АО ""ТРОЙКА-Д БАНК"""
3504;"АО ""СМБ-Банк"""
1088;"КБ ""МАК-банк"" (ООО)"
1910;"ООО ""Банк РБ"""
732;"АО КБ ""Ассоциация"""
3303;Азия-Инвест Банк (АО)
1673;"ООО ""Банк ""Майский"""
2729;"ООО КБ ""Развитие"""
3499;"Коммерческий банк ""ВРБ"" (ООО)"
2493;"ООО ""КБ ""МЕЖТРАСТБАНК"""
3183;"ООО ""Азия Банк"""
1407;НОРВИК БАНК (ОАО)
2555;"АКБ ""ЯПЫ КРЕДИ БАНК МОСКВА"" (АО)"
1967;"ООО КБ ""Монолит"""
3265;"ООО КБ ""Мегаполис"""
3065;"АКБ ""ВПБ"" (ЗАО)"
3477;"ООО ""Атлас Банк"""
3048;"ИКБ ""Энтузиастбанк"" ООО"
927;"АКБ ""Акция"" ОАО"
2581;"ЗАО ""С банк"""
2328;"ООО КБ ""ОГНИ МОСКВЫ"""
286;"Коммерческий Банк ""Аскания Траст"" (ООО)"
312;"АО ""ВОКБАНК"""
1137;"""БУМ-БАНК""
2728;"АО ""Промэнергобанк"""
1818;"МКБ ""Дон-Тексбанк"" ООО"
2048;"ПАО ""САРОВБИЗНЕСБАНК"""
3296;"АКБ ""НАШ ДОМ"" (АО)"
3033;"ОАО КБ ""ВВНБ"""
2743;"ООО КБ ""Инстройбанк"""
1684;"ЗАО ""БВА Банк"""
2586;"ОАО ""ЮНИКОРБАНК"""
3255;ПАО Банк ЗЕНИТ
444;"АО ""БАЛАКОВО-БАНК"""
328;"ОАО ""АБ ""РОССИЯ"""
2711;"АО ""Гринфилдбанк"""
2626;"АКБ ""ОБПИ"" (ПАО)"
3420;"АО НКО ""Частный РКЦ"""
21;"ООО ""Примтеркомбанк"""
2471;"АО ""ПроБанк"""
3027;"КБ ""АКРОПОЛЬ"" АО"
1734;"ОАО ""ГАНЗАКОМБАНК"""
2440;"ПАО АКБ ""Металлинвестбанк"""
370;"Банк ""Новый Символ"" (АО)"
316;"ООО ""ХКФ Банк"""
2179;"ОАО Банк ""ОТКРЫТИЕ"""
2594;"""Королевский Банк Шотландии"" ЗАО"
3343;"ЗАО НКО ""ПКД"""
3403;"АО КБ ""РУСНАРБАНК"""
2188;"ЗАО ""БАРЕНЦБАНК"""
3304;"НКО АО ""ЛИДЕР"""
3449;"ООО КБ ""Европейский Экспресс"""
3452;"КБ ""Альтернатива"" (ООО)"
671;"ООО ""БАНК ФИНИНВЕСТ"""
3185;"ООО КБ ""ЯР-Банк"""
635;"""НоваховКапиталБанк"" (ЗАО)"
391;"ОАО ""АБ ""ПУШКИНО"""
3186;"ООО КБ ""Кредит Экспресс"""
430;"ПАО ""ИДЕЯ Банк"""
184;"ООО ИКБ ""МЕСЕД"""
3233;"ООО ИКБ ""ЛОГОС"""
469;"ООО ""Русский Национальный Банк"""
3383;"НКО ""Евроинвест"" (ООО)"
2225;"ОАО КБ ""Центр-инвест"""
2996;"ООО ""ПроКоммерцБанк"""
1949;ЗАО НАЦИОНАЛЬНЫЙ БАНК СБЕРЕЖЕНИЙ
933;"ПАО ""Торжокуниверсалбанк"""
2696;"АКБ ""ИНКАРОБАНК"" (ЗАО)"
212;Прио-Внешторгбанк (ПАО)
637;"КБ ""ИНВЕСТИЦИОННЫЙ СОЮЗ"" (ООО)"
1635;"АО ""Тагилбанк"""
1671;"ООО КБ ""Нэклис-Банк"""
2944;"АКБ ""НЗБанк""
702;"ПАО ""НИКО-БАНК"""
1399;"ООО банк ""Элита"""
2312;"АКБ ""РОССИЙСКИЙ КАПИТАЛ"" (ПАО)"
3047;"КБ ""Интеркредит"" (АО)"
55;"ПАО МАБ ""Темпбанк"""
2939;"""Мой Банк"" (ООО)"
970;"ООО КБ ""Конфидэнс Банк"""
1136;"АО ""МАЙКОПБАНК"""
567;"АО ""Банк Акцепт"""
3473;"""Мерседес-Бенц Банк Рус"" ООО"
880;"ПАО БАНК ""ЮГРА"""
2401;"ОАО Банк ""Народный кредит"""
2919;"АО АКБ ""ГАЗСТРОЙБАНК"""
3480;"ООО ""Банк БЦК-Москва"""
3334;"АКБ ""БАНК ХАКАСИИ"" (ОАО)"
1957;"ПАО ""БИНБАНК Смоленск"""
2655;ООО ПИР Банк
570;"ОАО ""АНДЖИБАНК"""
532;"ОАО ""Мобилбанк"""
2898;"КБ ""Кубанский универсальный банк"" (ООО)"
2913;"""НОТА-Банк"" (ПАО)"
606;"КБ ""Гагаринский"" (АО)"
197;"ОАО ""МБСП"""
2614;"КБ ""Техноком"" (ЗАО)"
3446;"""Коммерческий Индо Банк"" ООО"
1705;Ростпромстройбанк (ОАО)
1000;Банк ВТБ (ПАО)
3338;"АО ""КБ ДельтаКредит"""
2758;"Банк ""Прайм Финанс"" (АО)"
3161;"ПАО ""Банк ""Екатеринбург"""
2884;"АО КБ ""Синергия"""
1966;"ПАО ""НБД-Банк"""
2407;"ООО КБ ""МВС Банк"""
2649;"ООО КБ ""ПРЕОДОЛЕНИЕ"""
1961;Связной Банк (АО)
3204;"КБ ""РОСПРОМБАНК"" (ООО)"
2433;"АКБ ""ПРОМИНВЕСТБАНК"" (ПАО)"
992;"АО ""Вологдабанк"""
600;Банк ИПБ (АО)
3294;НКО ЗАО НРД
5;"Банк ""Кредит-Москва"" (ПАО)"
2802;"Банк ""Йошкар-Ола"" (ПАО)"
2782;"ПАО АКБ ""РБР"""
254;"АО КБ ""Хлынов"""
2766;"АО ""ОТП Банк"""
208;"Банк ""СИБЭС"" (АО)"
3306;НКО АО ПРЦ
170;"АО ""РН Банк"""
779;"ООО ""РУСБС"""
456;"АКБ ""Крыловский"" (ОАО)"
826;"ООО ""КБ ""Тальменка-банк"""
2209;"ПАО Банк ""ФК Открытие"""
1342;"ООО КБ ""ВББ"""
3423;"""Миллениум Банк"" (ЗАО)"
3105;"ООО КБ ""АУЭРБАНК"""
2304;"Банк ""Таврический"" (ОАО)"
1637;"""СДМ-Банк"" (ПАО)"
2645;"АО АИКБ ""Енисейский объединенный банк"""
3209;"АО МКБ ""ДОМ-БАНК"""
3206;"""Соверен Банк"" (АО)"
1950;"ОАО КБ ""Эллипс банк"""
2684;"ООО ""Банк БКФ"""
3318;"НКО РКЦ ""БИТ"" (АО)"
1909;"ООО КБ ""РИнгкомбанк"""
2771;"КБ ""ЮНИАСТРУМ БАНК"" (ООО)"
3380;"КБ ""Тульский Расчетный Центр"" (АО)"
2749;"ООО РНКО ""РИБ"""
1781;"АО КИБ ""ЕВРОАЛЬЯНС"""
817;"АКБ ""Заречье"" (ОАО)"
2842;"КБ ""РТБК"" (ООО)"
155;"ООО КБСИ ""Стройиндбанк"""
2166;"КБ ""Информпрогресс"" (ООО)"
2584;"Банк ""КУБ"" (АО)"
1478;"ООО КБ ""Лэнд-Банк"""
3494;"АО ""СМБСР Банк"""
84;"ОАО ""Далькомбанк"""
903;"ЗАО ""Владбизнесбанк"""
2158;"АКБ ""БАСМАННЫЙ"" (ЗАО)"
404;"ООО КБ ""СТРОМКОМБАНК"""
2518;"КБ ""Кубань Кредит"" ООО"
1663;"ПАО ""Банк Премьер Кредит"""
2119;"ЗАО АКБ ""Алеф-Банк"""
804;"(ЗАО ""НКБ ""СЛАВЯНБАНК"")"
2859;"КБ ""НЕФТЯНОЙ АЛЬЯНС"" (ПАО)"
3510;"ООО НКО ""Яндекс.Деньги"""
3187;"КБ ""ЕДИНСТВЕННЫЙ"" (ООО)"
2932;"КБ ""НМБ"" ООО"
1132;"ПАО ""Социнвестбанк"""
3138;"АО ""Банк ЖилФинанс"""
2027;"КБ ""Геобанк"" (ООО)"
3521;"НКО ""ЮТИКПЭЙ"" (ООО)"
1052;"""МТИ-Банк"" (АО)"
2866;"КБ ""МГБ"" ООО"
2436;"""Мой Банк. Ипотека"" (ОАО)"
153;"АО ""Уралприватбанк"""
1093;"ПАО Банк ""ВВБ"""
1025;"ООО КБ ""Эл банк"""
3269;"ОАО ""БАНК ОРЕНБУРГ"""
3523;"ООО НКО ""МОБИ.Деньги"""
3197;"МКБ ""ОДИНБАНК"" (ООО)"
1016;"""Объединенный банк Республики"" (ООО)"
2307;Банк СОЮЗ (АО)
1557;"ОАО ""ВУЗ-банк"""
2849;"АКБ ""КРОССИНВЕСТБАНК"" (ОАО)"
3115;"КБ ""Анталбанк"" ООО"
843;"ПАО ""Дальневосточный банк"""
2647;АО Банк Инноваций и Развития
2914;"ООО КБ ""АРЕСБАНК"""
1521;"АКИБ ""ОБРАЗОВАНИЕ"" (АО)"
1640;"ОАО МКБ ""Замоскворецкий"""
385;"ОАО ""СИБНЕФТЕБАНК"""
3013;"АО Банк ""Развитие-Столица"""
1470;"ПАО АКБ ""Связь-Банк"""
1165;"ОАО ""Кредпромбанк"""
646;"АКБ ""Ижкомбанк"" (ПАО)"
2883;"""БСТ-БАНК"" АО"
3396;"АО ""МБ Банк"""
1203;"ОАО ""Международный торгово-промышленный банк"""
3415;"ООО ""Банк РСИ"""
1917;"АО ""Булгар банк"""
142;"АО ""ДАЛТА-БАНК"""
2455;Дрезднер Банк ЗАО
2803;"АКБ ""ИНТЕРКООПБАНК"" (ПАО)"
2462;"АКБ  ""Онлайн Банк"" (ЗАО)"
324;"ОАО ""БАНК РОССИЙСКИЙ КРЕДИТ"""
3049;"АКБ ""ДАЛЕТБАНК"" (АО)"
1679;"ООО КБ ""ДОРИС БАНК"""
828;"ОАО ""ЯРСОЦБАНК"""
3223;"ОАО ""Газнефтьбанк"""
2425;"ЗАСКБ ""НАДЕЖНОСТЬ"" ОАО"
2228;"ЗАО АКБ ""Констанс-Банк"""
3451;"НКО ""ОРП"" (ООО)"
2490;"АО ""ГЕНБАНК"""
2546;"АО АКБ ""НОВИКОМБАНК"""
2917;"КБ ""СОЦЭКОНОМБАНК"" ООО"
1955;"ООО ""Витас Банк"""
3422;"""НАЦКОРПБАНК"" (АО)"
2267;"ОАО АКБ ""ЭЛЬБИН"""
2768;"АКБ ""СВА"" (АО)"
1073;БАНК РСБ 24 (АО)
2568;"БАНК ""КУРГАН"" ПАО"
1312;"АО Банк ""ТКПБ"""
889;"""АНКОР БАНК"" (АО)"
3509;"НКО ""ЭПС"" (ООО)"
2598;"ОАО Банк ""Западный"""
3388;"АО ""Банк Финсервис"""
1902;"ЗАО КБ ""Наратбанк"""
1555;"Банк ""Солидарность"" АО"
1675;"АКБ ""Радиан"" (ОАО)"
1460;"ПАО КБ ""Восточный"""
1943;"ОАО Банк ""ПСБ"""
3104;"ООО КБ ""ФИНТРАСТБАНК"""
2302;"КБ ""Совинком"" ООО"
481;"ООО КБ ""РостФинанс"""
3251;"ПАО ""Промсвязьбанк"""
735;"ПАО ""Курскпромбанк"""
965;"АО ""ПЕРВОУРАЛЬСКБАНК"""
2443;"ПАО ""МЕТКОМБАНК"""
52;"ПАО ""Энергомашбанк"""
3119;"ОАО ""Уралфинпромбанк"""
1717;Банкхаус Эрбе (ЗАО)
3207;"АО ""РУНА-БАНК"""
233;"АБ ""Регион"" (ОАО)"
1827;"ОАО КБ ""СОЦГОРБАНК"""
2756;"ЗАО АКБ ""Тексбанк"""
1293;"БАНК ""НЕЙВА"" ООО"
1736;"ООО КБ ""Жилкредит"""
3332;"АО НКО ""Сетевая Расчетная Палата"""
3068;"КБ ""БФГ-Кредит"" (ООО)"
2972;"БАНК ""СОФРИНО"" (ЗАО)"
103;"ООО ""РКБ"""
3503;"ООО ""Джаст Банк"""
3325;ЗАО НКО МРЦ
2547;"ОАО АКБ ""Капиталбанк"""
2799;"АО ""Банк ФИНАМ"""
2295;"ЗАО ""БСЖВ"""
524;"АО Банк ""Венец"""
2746;"АКБ ""КОДЕКС"" (ОАО)"
715;"КБ ""НАФТАБАНК"" ООО"
323;"ПАО ""МДМ Банк"""
1118;"ПАО ""О.К. Банк"""
2900;"ООО ""Земский банк"""
1307;"КБ ""ЭНЕРГОТРАНСБАНК"" (ОАО)"
2897;"ООО КБ ""Евроазиатский Инвестиционный Банк"""
2050;"АО БАНК ""РСКБ"""
1002;"ОАО Комсоцбанк ""Бумеранг"""
937;"АО ""ОРБАНК"""
650;"ПАО ""Лето Банк"""
3346;"ОАО НКО ""Городской расчетный центр"""
1616;"ЗАО ИКБ ""ЕВРОПЕЙСКИЙ"""
2523;"ОАО ""УРАЛЬСКИЙ ТРАСТОВЫЙ БАНК"""
3314;"АО НКО ""МОСКЛИРИНГЦЕНТР"""
2309;"АКБ ""БЭНК ОФ ЧАЙНА"" (АО)"
2664;"АКБ ""СЛАВИЯ"" (АО)"
2742;"""МИ-БАНК"" (ОАО)"
3354;"КБ ""Ренессанс Кредит"" (ООО)"
2957;"Банк ""Еврокредит"" (ООО)"
1121;"Банк ""Смолевич"" (ПАО)"
1222;ВЛБАНК (ОАО)
1459;"ООО КБ ""Агросоюз"""
2495;ИНГ БАНК (ЕВРАЗИЯ) АО
1288;ПАО Ставропольпромстройбанк
1046;"ООО КБ ""Гефест"""
2921;"ОАО ""Орелсоцбанк"""
1788;"АО АКИБ ""Почтобанк"""
2402;"АО АКБ ""ЕВРОФИНАНС МОСНАРБАНК"""
1053;"КБ ""Финансовый стандарт"" (ООО)"
1920;"АКБ ""Ланта-Банк"" (АО)"
2270;"ПАО ""ОФК Банк"""
2073;"ОАО БАНК ""МБФИ"""
2491;"ООО КБ ""Алжан"""
354;Банк ГПБ (АО)
3287;"Банк ""ВБРР"" (АО)"
2964;"АО ""УРАЛПРОМБАНК"""
1704;"ООО КБ ""Взаимодействие"""
3136;"ПАО ""Таганрогбанк"""
1720;"ПАО ""Томскпромстройбанк"""
1765;АО ЕАТПБанк
3036;"""АМБ Банк"" (ПАО)"
383;"АКБ ""СЛАВЯНСКИЙ БАНК"" (ЗАО)"
2330;"""Конгресс-Банк"" ОАО"
518;"Банк ""Первомайский"" (ПАО)"
3256;"ООО КБ ""МИЛБАНК"""
3279;"Банк ""ТРАСТ"" (ПАО)"
2337;"АО ""Зернобанк"""
2611;"АО Банк ""Объединенный капитал"""
272;"АКБ ""ИРС"" (АО)"
467;"ООО КБ ""Новопокровский"""
842;"ООО КБ ""Кетовский"""
3175;"АО КБ ""ИС Банк"""
1037;"ООО РНКО ""Майма"""
2090;"ОАО АКЗБ ""ДЕРБЕНТ-КРЕДИТ"""
3237;"КБ ""Первый Экспресс"" (ОАО)"
3116;"ООО КБ ""ЭКО-ИНВЕСТ"""
3483;НКО Красноярский Краевой Расчетный Центр ООО
3050;ЗАО СтройКомБанк
3247;"ПАО БАНК ""МОСКВА-СИТИ"""
2360;"КБ ""НАЦПРОМБАНК"" (ЗАО)"
3519;"ООО ""Икано Банк"""
3373;"""РЕГНУМ БАНК"" (ООО)"
790;"ПАО ""Геленджик-Банк"""
2829;"АО ""РУНЭТБАНК"""
2468;"АКБ ""Мосуралбанк"" (АО)"
1139;"АКБ ""Русский Трастовый Банк"" (АО)"
1991;"ООО ""ЭСИДБАНК"""
3340;"АО ""МСП Банк"""
1618;"АО ""Интеррасчет"" РНКО"
793;"ООО КБ ""КРЕДО ФИНАНС"""
1284;Банк СБРР (ООО)
3177;"ООО КБ ""Лайтбанк"""
2035;"ПАО АКБ ""РФА"""
2390;"Банк ""ИТУРУП"" (ООО)"
3257;"МКИБ ""РОССИТА-БАНК"" ООО"
3460;"ООО ""Америкэн Экспресс Банк"""
3030;"КБ ""Холдинг-Кредит"" ООО"
2652;"ООО ""ПК-Банк"""
1189;"ПАО ""Плюс Банк"""
3329;"ООО Банк ""СКИБ"""
1860;"ООО ""НКО ""Паритет"""
2863;"ОАО КБ ""МВКБ"""
1697;ОКЕАН БАНК (АО)
2551;"АО Банк ""ПСКБ"""
2085;"ООО КБ ""Тайдон"""
720;"ПАО ""Выборг-банк"""
2741;"КБ ""Траст Капитал Банк"" АО"
588;"ЗАО ""СНГБ"""
3476;"АКБ ""Терра"" ЗАО"
1829;"ООО ""Инбанк"""
2650;"АКБ ""Ноосфера"" (АО)"
18;"ОАО КБ ""Стройкредит"""
232;АО Банк ЗЕНИТ Сочи
3472;"НКО ""КредитАльянс"" (ООО)"
2780;"ООО КБ ""ТРАСТОВЫЙ БАНК"""
121;"АО АКБ ""ЦентроКредит"""
2562;"ПАО ""БИНБАНК"""
2232;"АКБ ""Адам Интернэшнл"" ОАО."
2881;"""СОЦИУМ-БАНК"" (ООО)"
2554;"ООО КБ ""Камский горизонт"""
2607;"АО ""Кросна-Банк"""
3214;"АКБ ""НБВК"" (АО)"
3277;"ЗАО ""Республиканский банк"""
574;"ООО ""ЗЕМКОМБАНК"""
917;"ЗАО ""ТЮМЕНЬАГРОПРОМБАНК"""
3120;"ПАО ""Тайм Банк"""
3316;"ЗАО ""Современный Коммерческий Банк"""
3099;"АО ""РФК-банк"""
77;МОРСКОЙ БАНК (ОАО)
2098;"АИБ ""Имбанк"" (ОАО)"
1617;"ООО КБ ""Донинвест"""
3016;"АО ""Нордеа Банк"""
2324;"Банк ""Клиентский"" (АО)"
3492;"КБ ""НОВОЕ ВРЕМЯ"" (ООО)"
3502;"АО РНКО ""ФБ"""
2590;"ПАО ""АК БАРС"" БАНК"
3319;"РНКО ""ФРЦ"" АО"
2983;Центркомбанк ООО
2539;"ООО ""Сиббизнесбанк"""
2543;КБ МКБ (ООО)
138;"АО ""Рускобанк"""
1794;"ОАО ""Липецкоблбанк"""
2769;"ОАО КБ ""Жилстройбанк"""
2548;"АО ""МЕТРОБАНК"""
3278;"Банк ""ЦЕРИХ"" (ЗАО)"
3341;"ООО НКО ""Мурманский расчетный центр"""
3053;"АО ""Гранд Инвест Банк"""
1134;"""РеКорБанк"" (ООО)"
2472;"АКБ ""БНКВ"" (АО)"
3326;ЗАО УРП
3511;"ООО НКО ""Деньги.Мэйл.Ру"""
634;ПВ-Банк (ЗАО)
2428;"ООО ""ВСБ"""
3418;"КБ ""ВЕБРР"" (ООО)"
3117;"АКБ ""Легион"" (АО)"
3339;"АО ""Си Ди Би БАНК"""
2574;Банк РМП (ПАО)
2529;"АКБ ""АКТИВ БАНК"" (ПАО)"
1676;"ООО ""ЕВРАЗБАНК"""
3062;КБ СССБ (ООО)
2136;"КБ ""Экономикс-Банк"" (ООО)"
2922;"ООО КБ ""ПрестижКредитБанк"""
3395;"""Банк ""МБА-МОСКВА"" ООО"
107;"АКБ ""Инвестбанк"" (ОАО)"
2843;"КБ ""КИП-БАНК"" (ООО)"
3436;"ООО ""Первый Клиентский Банк"""
3190;"КБ ""Кутузовский"" ООО"
3283;"ОАО ""НБК-Банк"""
3447;"РНКО ""ИРЦ"" АО"
2275;"ПАО ""БАНК УРАЛСИБ"""
2772;"ОАО ""ЮГ-Инвестбанк"""
969;"ПАО ""Евразийский банк"""
665;"ООО КБ ""ГТ банк"""
1946;ПАО АГРОИНКОМБАНК
2519;"ООО ""УралКапиталБанк"""
1115;"ООО ""Костромаселькомбанк"""
3309;"НКО ""21 ВЕК"" (ООО)"
3236;"ООО КБ ""СОЮЗНЫЙ"""
3085;"АО АКБ ""ЭКСПРЕСС-ВОЛГА"""
1280;"АКБ ""ЧУВАШКРЕДИТПРОМБАНК"" ПАО"
1050;"ООО ""Осколбанк"""
589;"ЗАО ""Вэлкомбанк"""
2271;"АКБ ""Кранбанк"" (ЗАО)"
1988;"АКБ ""ЭНО"" (ПАО)"
85;"ПАО КБ ""САММИТ БАНК"""
2403;"Банк ""ГПБ-Ипотека"" (АО)"
3128;БАНК ИТБ (АО)
3470;"АО ""Тойота Банк"""
2559;"""ЗЕРБАНК (МОСКВА)"" (АО)"
1276;"АО ""БИНБАНК Мурманск"""
2274;"ООО КБ ""Ноябрьскнефтекомбанк"""
3441;"КБ ""БРТ"" (АО)"
3400;"РНКО ""ЦМР"" (ООО)"
3192;"ООО ""МГМБ"""
3123;"КБ ""РМБ"" ЗАО"
3475;АйСиБиСи Банк (АО)
3367;"ООО КБ ""РБС"""
2984;"ОАО КБ ""Донбанк"""
3124;"АО ""НС Банк"""
1614;"АО ""Заубер Банк"""
1003;"ООО ""ЛЕНОБЛБАНК"""
2699;"АКБ ""ЛИНК-банк"" (ОАО)"
3463;"ООО ""Ю Би Эс Банк"""
3229;"АКБ ""Бенифит-банк"" (ЗАО)"
3262;"ООО РИКБ ""Ринвестбанк"""
3450;"Банк ""РЕСО Кредит"" (АО)"
459;"ОАО ""Губернский банк ""Тарханы"""
695;"Банк ""Нальчик"" ООО"
478;"АО ""Кубаньторгбанк"""
493;"ПАО ""ЧЕЛЯБИНВЕСТБАНК"""
2605;"ООО ""РНКО ""ВЕСТ"""
347;"ООО ""НОВЫЙ КОММЕРЧЕСКИЙ БАНК"""
2377;"АО ""ИнвестКапиталБанк"""
3235;"ПАО ""СЭБ Банк"""
1250;"ОАО ""ТСБ"""
3364;"КБ ""КБР БАНК"" (ООО)"
2469;"Банк ""Навигатор"" (ОАО)"
3500;"ООО ""Фольксваген Банк РУС"""
2673;"АО ""Тинькофф Банк"""
2851;К2 Банк (АО)
2576;"КБ ""Гарант-Инвест"" (АО)"
2602;"АКБ ""Алмазэргиэнбанк"" АО"
680;"ООО КБ ""Аксонбанк"""
2860;"ЗАО ""Банк ""Агророс"""
2747;"""РГТ-Банк"" (ЗАО)"
1851;"ЗАО ""Нижегородпромстройбанк"""
533;"АО КБ ""Флора-Москва"""
2093;"ПАО КБ ""РусЮгбанк"""
3242;"НКО ""МКС"" (ООО)"
967;"ПАО АКБ ""Балтика"""
2712;"АО ""ТУСАРБАНК"""
3379;"КБ ""Максима"" (ООО)"
2704;"КБ ""Международный Банк Развития"" (АО)"
3375;"КБ ""Охотный ряд"" (ООО)"
436;"ПАО ""Банк ""Санкт-Петербург"""
3385;"КБ ""КРК"" (ОАО)"
708;"ООО КБЭР ""Банк Казани"""
2960;"ООО КБ ""Славянский кредит"""
1019;"ОАО ""ПотенциалБанк"""
3271;"ЗАО ""Первый Дортрансбанк"""
492;"ПАО ""Донкомбанк"""
912;"ПАО ""МИнБанк"""
2877;"ООО КБ ""Металлург"""
554;"ОАО КБ ""Солидарность"""
931;"ПАО ""НВКбанк"""
608;"АБ ""АСПЕКТ"" (АО)"
3135;"ОАО БАНК ""ПРИОРИТЕТ"""
1291;"ПАО КБ ""ВАКОБАНК"""
2306;"АКБ ""Абсолют Банк"" (ПАО)"
3529;"ООО ""Чайнасельхозбанк"""
3368;"АО ""СМП Банк"""
3419;"ООО НКО ""Вологда-Кредит"""
3061;Джей энд Ти Банк (АО)
2992;"КБ ""БМБ"" (ООО)"
545;"ПАО ""Камчаткомагропромбанк"""
1035;"ОАО ККБ ""КРЕДИТБАНК"""
865;"НКО ""Ассигнация"" ООО"
1777;"ПАО КБ ""ЕВРОКОММЕРЦ"""
3292;"АО ""Райффайзенбанк"""
3037;ООО КБЦА
902;"ПАО ""Норвик Банк"""
3439;"КБ ""ДС-Банк"" (ООО)"
2053;"ПАО ""Спиритбанк"""
2244;"АО ""Мираф-Банк"""
3291;"""ООО ПЧРБ"""
2995;"КБ ""СТРОЙЛЕСБАНК"" (ООО)"
594;"ОАО ""ЕВРОСИБ БАНК"""
854;"АБ ""Алданзолотобанк"" АО"
2929;ББР Банк (АО)
2211;"КБ ""РЭБ"" (АО)"
1973;"ООО ""АвтоКредитБанк"""
1701;"ПАО ""БИНБАНК Сургут"""
2961;"ОАО КБ ""Михайловский ПЖСБ"""
1059;"КБ ""МРБ"" (ООО)"""
3323;"НКО ЗАО ""МИГОМ"""
3495;"АО ""ЮМК банк"""
3524;"ООО НКО ""УЭК"""
3077;"""Нацинвестпромбанк"" (АО)"
3365;"КБ ""Москоммерцбанк"" (АО)"
2755;"АО ""НК Банк"""
3154;"АКБ ""АЗИМУТ"" (ОАО)"
3335;"НКО ""Расчетная палата РТС"" (ЗАО)"
3238;"КБ ""Трансинвестбанк"" (ООО)"
3176;"ПАО ""БАЛТИНВЕСТБАНК"""
709;"ОАО Банк ""Пурпе"""
3330;"АО ""Денизбанк Москва"""
2846;"КБ ""СИСТЕМА"" ООО"
3401;"КБ ""РТС-Банк"" (ЗАО)"
2726;"ООО ""НКО ""Вестерн Юнион ДП Восток"""
840;"ПАО АКБ ""Новация"""
3293;"""Русьуниверсалбанк"" (ООО)"
1816;"ОАО ""Белгородпромстройбанк"""
3489;"ОАО НДКО ""МЦМ"""
3038;"ПАО ""Банк БФА"""
3344;"КБ ""МИА"" (АО)"
546;"ОАО ""Принтбанк"""
2938;"""ФИНАРС Банк"" (АО)"
3482;"""БМВ Банк"" ООО"
2659;"ООО КБ ""Алтайкапиталбанк"""
2990;"КБ ""Байкалкредобанк"" (ПАО)"
3015;"ООО ""ЮРБ"""
2956;"ПАО ""Межтопэнергобанк"""
685;"ПАО КБ ""РусьРегионБанк"""
1680;Креди Агриколь КИБ АО
2705;"ПАО ""ИнтехБанк"""
2789;АО МС Банк Рус
3273;"(ЗАО ""ЕвроАксис Банк"")"
1414;ПАО М2М Прайвет Банк
3459;"ООО КБ ""Еврокапитал-Альянс"""
752;"ПАО КБ ""МПСБ"""
2670;"ООО КБ ""Центрально-Европейский Банк"""
749;"Кизилюртовская РНКО ""Сулак"" ООО"
3435;"ООО КБ ""ИКФ"""
3180;"АО БАНК ""ТГБ"""
2627;"ЗАО АКИБ ""ЦЕРИХ"""
3359;"ООО КБ ""НР Банк"""
2347;"ООО КБ ""ПЛАТИНА"""
2676;"""НКО ""Транштрейд"" ООО"""
1326;"АО ""АЛЬФА-БАНК"""
3231;"ООО КБ ""РЭБ"""
2786;ОАО Новосибирский муниципальный банк
784;"АКБ ""Проинвестбанк"" (ПАО)"
2923;"ОАО Банк ""СОДРУЖЕСТВО"""
3351;"АО ""РФИ БАНК"""
2055;Айви Банк (АО)
575;"АО АБ ""Капитал"""
2542;"АО ""ФИА-БАНК"""
1239;"НКО ""Зеленокумская"" АО"
3266;"АО КБ ""ИНТЕРПРОМБАНК"""
2480;"ОАО Банк ""Аскольд"""
3095;"КБ ""Рента-Банк"" ОАО"
2074;"""Объединенный национальный банк"" (ООО)"
1975;"ООО КБ ""АйМаниБанк"""
3002;"ООО КБ ""Пульс Столицы"""
2587;"ПАО ""АКИБАНК"""
2245;"АО КБ ""КОСМОС"""
3252;"ОАО ""Газэнергобанк"""
2734;"ООО КБ ""ОПМ-Банк"""
2404;"АКБ ""АПАБАНК"" (ЗАО)"
1573;"ПАО ""РосДорБанк"""
2269;"КБ ""Альта-Банк"" (ЗАО)"
3058;"ПАО ""Татфондбанк"""
870;"ООО ""Владпромбанк"""
101;"АО ""БКС Банк"""
256;"АО ""ГУТА-БАНК"""
2447;(ОАО Удмуртинвестстройбанк)
705;"ОАО ""СКБ-банк"""
96;"АО ""Кемсоцинбанк"""
2037;"КБ ""Кредитимпэкс Банк"" (ООО)"
356;"ПАО ""Витабанк"""
2023;"КБ ""Сунжа"" ООО"
3461;"ПАО ""Первобанк"""
1376;"Банк ""Снежинский"" ПАО"
