"АКБ ""Абсолют Банк"" (ОАО)";2306
"НКО ""Русское финансовое общество"" (ООО)";3427
"ОАО АРКБ ""Росбизнесбанк""";1405
"АО ""Вологдабанк""";992
"ОАО ""УБРиР""";429
"ООО ""НОВОКИБ""";1747
"ООО КБ ""Холдинвестбанк""";2837
"ЗАО ""ПЕРВОУРАЛЬСКБАНК""";965
"""МТИ-Банк"" (ЗАО)";1052
ООО Тревел Банк;531
"ПАО БАНК ""МОСКВА-СИТИ""";3247
"РНКО ""ИРЦ"" АО";3447
ОКЕАН БАНК (ЗАО);1697
"""Феникс Капитал Банк"" (ООО)";3506
"ОАО ""Консервативный КБ""";1087
Азия-Инвест Банк (ЗАО);3303
"ОАО ""И.Д.Е.А. Банк""";430
"ЗАО Банк ""Советский""";558
"ОАО ""МСП Банк""";3340
"АО ""СМБ-Банк""";3504
"ОАО ""АК Банк""";3006
"""Русьуниверсалбанк"" (ООО)";3293
"ПАО ""Межтопэнергобанк""";2956
"Банк ""Уссури"" (АО)";596
"ПАО ""МЕТКОМБАНК""";2443
"ООО ""Трастовый Республиканский Банк""";3404
"АКБ ""Бенифит-банк"" (ЗАО)";3229
ООО РИТ-банк;2677
"КБ ""НОВОЕ ВРЕМЯ"" (ООО)";3492
"АКБ ""ЭНО"" (ПАО)";1988
"ЗАО КБ ""Квота-банк""";2055
"ЗАО ""КБ ОТКРЫТИЕ""";2179
БАНК РСБ 24 (АО);1073
"НКО ""БРИНКС"" (ООО)";3486
"ОАО ""Евразийский банк""";969
"АО ""ГУТА-БАНК""";256
"ЗАСКБ ""НАДЕЖНОСТЬ"" ОАО";2425
"АО КБ ""МБР-банк""";2620
"ОАО АКБ ""РОСБАНК""";2272
"ПАО КБ ""Верхневолжский""";1084
"КБ ""РЭБ"" (ЗАО)";2211
"АКБ ""АКТИВ БАНК"" (ПАО)";2529
"АКБ ""Проинвестбанк"" (ПАО)";784
"ЗАО ""ФИА-БАНК""";2542
"КБ ""РОСПРОМБАНК"" (ООО)";3204
"""Гранд Инвест Банк"" (ОАО)";3053
"ПАО ""Аделантбанк""";1835
"ОАО ""Городской Ипотечный Банк""";1627
"ПАО Банк ""Онего""";2484
"ЗАО ""РН Банк""";170
"НКО ""Финансовые услуги"" (ООО)";3496
"ОАО ""Томскпромстройбанк""";1720
"АО КБ ""РУБанк""";2813
"ЗАО КБ ""ИС Банк""";3175
"КБ ""НАЦПРОМБАНК"" (ЗАО)";2360
"АКБ ""Трансстройбанк"" (ЗАО)";2807
"ООО КБ ""Майма""";1037
"ОАО БАНК ""МОСКВА-СИТИ""";3247
"АО ""Народный банк""";2249
"АО ""Интеррасчет"" РНКО";1618
"КБ ""Международный Банк Развития"" (АО)";2704
"ЗАО АКБ ""Экспресс-кредит""";210
"ЗАО КБ ""Златкомбанк""";568
"ОАО АКБ ""Орскиндустриябанк""";696
АК ФБ Инноваций и Развития (ЗАО);2647
"АКБ ""ЕИБ"" ЗАО";2503
"ПАО АКБ ""Связь-Банк""";1470
ЗАО Банк ЗЕНИТ Сочи;232
Санкт-Петербургский банк инвестиций (АО);3468
"ЗАО КБ ""Ситибанк""";2557
"""БМВ Банк"" ООО";3482
"НБ ""ТРАСТ"" (ОАО)";3279
"ЗАО АКБ ""Алеф-Банк""";2119
Банкхаус Эрбе (ЗАО);1717
"АКБ ""ФОРА-БАНК"" (ЗАО)";1885
"ОАО Комбанк ""Химик""";1114
"ПАО УКБ ""Белгородсоцбанк""";760
"НКО ""Континент Финанс"" (ПАО)";149
"Банк ""Солидарность"" АО";1555
РИТЦ Банк (ООО);2677
"АО КБ ""КОСМОС""";2245
"ЗАО АКИБ ""ЦЕРИХ""";2627
"ПАО КБ ""Восточный""";1460
"АКБ ""ПРОМИНВЕСТБАНК"" (ПАО)";2433
"АКБ ""ТПБК"" (Москва) (ЗАО)";3475
"ЗАО ""Новый Промышленный Банк""";930
ТКС Банк (ЗАО);2673
"ОАО ""РОСТ БАНК""";2888
"ЗАО АКБ ""ВладиКомБанк""";2851
"ООО КБ ""Инвест-Экобанк""";1956
"ООО ""КГБ-БК""";1910
РНКБ Банк (ПАО);1354
"ЗАО ""Солид Банк""";1329
"ООО КБ ""Национальный стандарт""";3421
"Банк ""ГПБ-Ипотека"" (АО)";2403
"КБ ""Новый век"" (ООО)";3417
"НКО ""Инвестприват"" (ООО)";3487
"ОАО ""АИКБ ""Татфондбанк""";3058
"ЗАО КБ ""Росинтербанк""";226
"НКО ""ОРС"" (АО)";3342
"ООО КБ ""Жилкредит""";1736
"ОАО ""ДНБ Банк""";1276
"""БСТ-БАНК"" ЗАО";2883
"ООО ""Сиббизнесбанк""";2539
"КБ ""АКРОПОЛЬ"" АО";3027
"ОАО ""Собинбанк""";1317
"ПАО ""ОФК Банк""";2270
"ООО ""АТБ"" Банк";2776
"ПАО ""Донхлеббанк""";2285
Креди Агриколь КИБ ЗАО;1680
"АКБ ""ДАЛЕТБАНК"" (ЗАО)";3049
"ООО КБ ""Международный расчетный банк""";3028
"ООО КБ ""УМБ""";1441
"АКБ ""РОССИЙСКИЙ КАПИТАЛ"" (ОАО)";2312
"ОАО ""МБСП""";197
"Банк ""Йошкар-Ола"" (ПАО)";2802
"ОАО ""МОСКЛИРИНГЦЕНТР""";3314
"ОАО ""Банк БФА""";3038
"АО ""Тольяттихимбанк""";2507
"АКБ ""Надежный банк"" (ОАО)";149
АО РОСЭКСИМБАНК;2790
"ЗАО ""Владбизнесбанк""";903
"ОАО ""Арксбанк""";1868
"ЗАО ""ИШБАНК""";2867
"ОАО КБ ""Максимум""";466
"ОАО ""ЕВРОСИБ БАНК""";594
"ОАО ""СЭБ Банк""";3235
"ОАО ""УРАЛЬСКИЙ ТРАСТОВЫЙ БАНК""";2523
"ОАО АКБ ""АКТИВ БАНК""";2529
"ЗАО ИКБ ""ЕВРОПЕЙСКИЙ""";1616
"ЗАО ""МБ Банк""";3396
"ЗАО ""Холмсккомбанк""";503
"АКБ ""Кранбанк"" (ЗАО)";2271
"ОАО ""НАШ БАНК""";1340
"АО ""РФК-банк""";3099
"ООО КБ ""ДАГДОРБАНК""";2922
"МКИБ ""РОССИТА-БАНК"" ООО";3257
"АКБ ""РОСЕВРОБАНК"" (ОАО)";3137
"ООО ""М плюс""";3282
"КБ ""ЛОКО-Банк"" (ЗАО)";2707
"КБ ""МГБ"" ООО";2866
"""БУМ-БАНК"";1137
"АО ""НК Банк""";2755
"ООО ""ПотенциалБанк""";1019
"ПАО ""НВКбанк""";931
"ОАО КБ ""ЕвроситиБанк""";1869
"РНКО ""ФРЦ"" АО";3319
"ЗАО ""БВА Банк""";1684
"ООО ""Дагэнергобанк""";3286
"""Братский АНКБ"" ПАО";1144
"КБ ""АКРОПОЛЬ"" ЗАО";3027
"ООО КБ ""Европейский Экспресс""";3449
"Банк ""Первомайский"" (ПАО)";518
"КБ ""Экономикс-Банк"" (ООО)";2136
"""ЗЕРБАНК (МОСКВА)"" (АО)";2559
"АКБ ""Легион"" (ОАО)";3117
"ООО ""ЕВРАЗБАНК""";1676
"ООО ""Атлас Банк""";3477
"АО ""Кемсоцинбанк""";96
"НКБ ""Нерюнгрибанк"" (ООО)";825
"ООО ""ТРАНСЭНЕРГОБАНК""";3106
"ЗАО ""Банк ""Вологжанин""";1896
"Банк ""Северный Кредит"" (ОАО)";2398
"ООО КБ ""ИНВЕСТСОЦБАНК""";3010
"АО ""ГОРБАНК""";2982
"ОАО ""ДнБ НОР Мончебанк""";1276
"АО ""РОСТ БАНК""";2888
"ПАО ""Курскпромбанк""";735
"МКБ ""Дон-Тексбанк"" ООО";1818
"РНКО ""Базис-Центр"" ЗАО";3319
"ОАО ""ЧЕЛЯБИНВЕСТБАНК""";493
"АО Банк ""Советский""";558
"""Банк Ренессанс Финанс"" ООО";3471
"АКБ ""Русский Трастовый Банк"" (АО)";1139
"ООО КБ ""АСБ""";622
"ООО ""Эйч-эс-би-си Банк (РР)""";3290
"АКБ ""Традо-Банк"" (ЗАО)";1065
Дрезднер Банк ЗАО;2455
"ООО ""КБИТ ""Паритет""";1860
"ООО ""Фольксваген Банк РУС""";3500
"ОАО АКБ ""ИРОНБАНК""";1724
"АКБ ""ВЕК"" (АО)";2299
"АО ""Углеметбанк""";2997
"ОАО ""Курскпромбанк""";735
Таурус Банк (ЗАО);655
К2 Банк (ЗАО);2851
ИНГ БАНК (ЕВРАЗИЯ) АО;2495
"ОАО КБ ""ЕВРОКОММЕРЦ""";1777
"ООО КБ ""РБС""";3367
"АО ""Гранд Инвест Банк""";3053
"КБ ""ВЕТБ"" АО";2253
"КБ ""БФГ-Кредит"" (ООО)";3068
"ОАО ""Лето Банк""";650
"ОАО ""Далькомбанк""";84
"ОАО ""Флексинвест Банк""";3089
"ОАО ""ТГБ""";3180
"ЗАО ""Республиканский банк""";3277
"ЗАО ""Сантандер Консьюмер Банк""";3052
"ЗАО ""Банк Сибирь""";170
"""Натиксис Банк (ЗАО)""";3390
"ПАО ""САРОВБИЗНЕСБАНК""";2048
"""РЕГНУМ БАНК"" (ООО)";3373
"ОАО АКБ ""Донактивбанк""";3120
"АКБ ""БАСМАННЫЙ"" (ЗАО)";2158
"АО ""НДБанк""";2374
"ОАО ""Газнефтьбанк""";3223
"ОАО ""НОМОС-РЕГИОБАНК""";539
"ОАО ""БайкалИнвестБанк""";1067
"ООО НКО ""Тор Кредит""";3497
"""Фреско банк"" (ЗАО)";1415
"ЗАО АКБ ""Сибирьгазбанк""";3042
"ОАО ""ЮГ-Инвестбанк""";2772
"ОАО ""МОСКОМБАНК""";3172
"""Мой Банк"" (ООО)";2939
"ЗАО ""Уралприватбанк""";153
"ООО ""Промрегионбанк""";2123
"ООО ""Земский банк""";2900
"ОАО ""МКБ ""СИБЭС""";208
"ООО КБ ""Профит Банк""";3234
"Банк ""Кузнецкий мост"" ОАО";2254
"ООО ""КБ ""Тальменка-банк""";826
СБ Банк (ООО);2999
"АО Банк ""Объединенный капитал""";2611
ООО ПИР Банк;2655
"ОАО КБ ""МВКБ""";2863
ЗАО Сберкред Банк;2581
"АО ""ТРОЙКА-Д БАНК""";3431
"""ИНГ БАНК (ЕВРАЗИЯ) ЗАО""";2495
"ООО КБ ""ТрастКомБанк""";2499
"НКО ""КредитАльянс"" (ООО)";3472
"ЗАО ""ГЛОБЭКСБАНК""";1942
"АО АКБ ""ГАЗСТРОЙБАНК""";2919
"ОАО НДКО ""МЦМ""";3489
"ЗАО ""ПроБанк""";2471
"ОАО АКЗБ ""ДЕРБЕНТ-КРЕДИТ""";2090
"ОАО ""Кемсоцинбанк""";96
"ОАО ""Сведбанк""";3064
"КБ ""Информпрогресс"" (ООО)";2166
"ООО РНКО ""УМУТ""";2435
"ОАО ""Уралфинпромбанк""";3119
"АКБ ""ТЕНДЕР-БАНК"" (ЗАО)";2252
"ПАО ""СЭБ Банк""";3235
"ПАО АКБ ""РФА""";2035
"КБ ""Транснациональный банк"" (ООО)";2108
"ООО КБ ""Альба Альянс""";2593
ОАО НОКССБАНК;3202
"АКБ ""Ноосфера"" (ЗАО)";2650
НКО РП СВМБ АО;3324
"ПАО ""БыстроБанк""";1745
"ОАО ""МАКСВЕЛЛ БАНК""";625
"КБ ""МКБ"" (ПАО)";2524
"ООО РНКО ""РИБ""";2749
"АКБ ""Новый Кредитный Союз"" (АО)";3139
"""РГТ-Банк"" (ЗАО)";2747
"АБ ""АСПЕКТ"" (ЗАО)";608
"ОАО ""НК Банк""";2755
"АКБ ""Ижкомбанк"" (ПАО)";646
"ООО ""Экспобанк""";2998
"ОАО РАКБ ""Донхлеббанк""";2285
"АО АКБ ""РУССОБАНК""";2313
"АО ""ЮМК банк""";3495
"""АЛОР БАНК"" (ОАО)";435
"ОАО ""Принтбанк""";546
"ООО ""Владпромбанк""";870
"ООО ""ПК-Банк""";2652
"Банк ""Богородский"" (ООО)";1277
"ЗАО НКО ""ДКД""";3474
"""АНКОР БАНК"" (ОАО)";889
"АКБ ""Ресурс-траст"" (АО)";3122
"ПАО КБ ""Сельмашбанк""";106
"АКБ ""ЯПЫ КРЕДИ БАНК МОСКВА"" (ЗАО)";2555
"ПАО ""Банк Екатерининский""";2167
"ЗАО ""Нефтепромбанк""";2156
"ПАО ""Невский банк""";1068
"КБ ""ГЕНБАНК"" (ООО)";2490
"ООО КБ ""Западный""";2598
Банк НФК (ЗАО);3437
"ООО ""Банк РБ""";1910
ПАО Банк ЗЕНИТ;3255
"ООО ""Костромаселькомбанк""";1115
"""АНКОР БАНК"" (АО)";889
"ОАО КБ ""МПСБ""";752
КБ МКБ (ООО);2543
"ПАО АРКБ ""Росбизнесбанк""";1405
"БАНК ""РЕЗЕРВ"" (АО)";2364
"ЗАО ""КБ ДельтаКредит""";3338
"ОАО ""ВБРР""";3287
"ОАО ""Промсвязьбанк""";3251
"ОАО Банк ""Аскольд""";2480
"КБ ""Долинск"" (ЗАО)";857
"ООО КБ ""Инстройбанк""";2743
"АКБ ""Ярзембанк"" (ЗАО)";1415
"ПАО ""АК Банк""";3006
"ООО КБ ""Кредэкс""";3186
"ОАО ""Банк ""Казанский""";2888
ВТБ 24 (ЗАО);1623
"ЗАО ""Восточный ипотечный банк""";3052
"АО АКБ ""ГАЗБАНК""";2316
"АО АКБ ""Стелла-Банк""";2948
"ЗАО ""СтарБанк""";548
"ЗАО ""МАБ""";1987
"ПАО ""Башпромбанк""";1006
"ЗАО КБ ""Ростовский Универсальный""";2813
"КБ ""МРБ"" (ООО)""";1059
"НКО ""ИНКАХРАН"" (АО)";3454
"ОАО МАБ ""Темпбанк""";55
"ЗАО ""РСКБ""";2050
"АКБ ""ЯПЫ КРЕДИ БАНК МОСКВА"" (АО)";2555
"ОАО ""НСТ-БАНК""";1738
"""АМБ Банк"" (ПАО)";3036
"ООО ""РНКО ""ВЕСТ""";2605
"КБ ""Унифин"" АО";2654
"ОАО АКБ ""АДАМОН БАНК""";2896
"ОАО ""БИНБАНК""";2562
"АО НКО ""МОСКЛИРИНГЦЕНТР""";3314
"АКБ ""Спурт"" (ОАО)";2207
"АО АКБ ""НОВИКОМБАНК""";2546
"ОАО КБ ""ЮНИСТРИМ""";3467
"АО ""БИНБАНК Мурманск""";1276
"КБ ""Рента-Банк"" ОАО";3095
Прио-Внешторгбанк (ОАО);212
Банк СОЮЗ (АО);2307
"ООО КБ ""Финансовый капитал""";3288
"ОАО ""Россельхозбанк""";3349
"""НОТА-Банк"" (ОАО)";2913
"Банк ""ВБРР"" (АО)";3287
"ОАО ""Меткомбанк""";901
"""Соверен Банк"" (АО)";3206
"Банк ""Возрождение"" (ПАО)";1439
"КБ ""ЭНЕРГОТРАНСБАНК"" (ОАО)";1307
"КБ ""МФБанк"" ООО";3163
"ПАО ""Запсибкомбанк""";918
"Банк ""Смолевич"" (ПАО)";1121
"КБ ""СОЮЗПРОМБАНК"" ООО";2965
"Банк ""Снежинский"" ОАО";1376
"ООО ""Спартак-Банк""";3398
"КБ ""СТРОЙЛЕСБАНК"" (ООО)";2995
"ООО КБ ""Хелленик Банк""";3493
Банк СБРР (ООО);1284
(ОАО Удмуртинвестстройбанк);2447
"""Сетелем Банк"" ООО";2168
"ЗАО ""Современный Коммерческий Банк""";3316
"ОАО Банк ""Развитие-Столица""";3013
"ОАО КБ ""Ассоциация""";732
"ЗАО ""КОШЕЛЕВ-БАНК""";3300
"(ООО) КБ ""НЕОПОЛИС-БАНК""";2809
"КБ ""Траст Капитал Банк"" АО";2741
"ОАО АКБ ""ТГБ""";3180
"ОАО ""Башпромбанк""";1006
"ООО НКО ""МОБИ.Деньги""";3523
"МКБ ""ОДИНБАНК"" (ООО)";3197
"АКБ ""Мосуралбанк"" (АО)";2468
"""РУНЭТБАНК"" (ЗАО)";2829
"""НОТА-Банк"" (ПАО)";2913
"АО ""Тойота Банк""";3470
ЗАО РП СВМБ;3324
РНКБ (ОАО);1354
НКО ЗАО НРД;3294
"ОАО ""ПотенциалБанк""";1019
"ПАО КБ ""ПФС-БАНК""";2410
"ООО КБ ""Н-БАНК""";3493
"АКБ ""Северный Народный Банк"" (ОАО)";2721
ОАО Новосибирский муниципальный банк;2786
"КБ ""МБК"" ООО";3471
"АО ""Банк Акцепт""";567
"ОАО ""РФК-банк""";3099
"ЗАО ""Челябкомзембанк""";655
"ООО ""БИЗНЕСБАНК""";2862
"Банк ""ВРБ Москва"" (ООО)";3499
"""СДМ-Банк"" (ПАО)";1637
"ООО КБ ""ПРАДО-БАНК""";3378
"АКБ ""Кузбассхимбанк"" (ОАО)";2868
"ЗАО ""ТАТСОЦБАНК""";480
"ОАО ""СКБ-банк""";705
"ЗАО АКБ ""ИНТЕРПРОМБАНК""";3266
"ОАО ""Тихоокеанский Внешторгбанк""";1378
"Банк ""СЕРВИС РЕЗЕРВ"" (АО)";2034
"ОАО НКО ""Тульский Расчетный Центр""";3380
"ОАО Банк ""Алемар""";2384
"ОАО АКБ ""АВАНГАРД""";2879
"АКБ ""ИСТ БРИДЖ БАНК"" (ЗАО)";2938
"ООО ""Осколбанк""";1050
"ОАО ""СИАБ""";3245
"ОАО КБ ""Акцепт""";567
"ОАО АБ Народный банк РТ""";1309
"ООО ""Банк Стандарт-Кредит""";841
ЗАО СтройКомБанк;3050
"ОАО ""БКС Банк""";101
"КБ ""Тульский Расчетный Центр"" (ОАО)";3380
"АО ""КБ ДельтаКредит""";3338
"АКБ ""СЛАВИЯ"" (ЗАО)";2664
"ОАО ""СИБНЕФТЕБАНК""";385
"КБ ""МАГАРАМКЕНТ"" ООО";715
"АО КБ ""Северный Кредит""";2398
"ООО ""Банк БЦК-Москва""";3480
"АКБ ""СОЮЗ"" (ОАО)";2307
"ЗАО ""Промсбербанк""";1043
"ПАО ""Геленджик-Банк""";790
"ОАО КБ ""ФорБанк""";2063
Прио-Внешторгбанк (ПАО);212
"ООО КБ ""НКБ""";2942
"ООО КБ ""Гефест""";1046
"АКБ ""ПЕРЕСВЕТ"" (АО)";2110
"ЗАО ""БДК""";3391
"АКБ ""НЗБанк"";2944
"ОАО ""Международный торгово-промышленный банк""";1203
"""СОЦИУМ-БАНК"" (ООО)";2881
"ООО КБ ""Кредитинвест""";1197
"ООО КБ ""РЭБ""";3231
"Банк ""ТРАСТ"" (ПАО)";3279
"ОАО ""Сбербанк России""";1481
"АО КБ ""Приобье""";537
"ЗАО ""КОММЕРЦБАНК (ЕВРАЗИЯ)""";3333
"АО АКБ ""ЕВРОФИНАНС МОСНАРБАНК""";2402
"АО КБ ""Соколовский""";2830
АО МС Банк Рус;2789
"ОАО АКБ ""ЕВРОФИНАНС МОСНАРБАНК""";2402
"ОАО КБ ""АГРОПРОМКРЕДИТ""";2880
"АО РНКО ""ПРИПОЛЯРКОМ""";507
"ПАО АКБ ""Приморье""";3001
"ОАО ""МДМ Банк""";323
"ООО ""РКБ""";103
"ЗАО НКО ""Сетевая Расчетная Палата""";3332
"КБ ""Ренессанс Кредит"" (ООО)";3354
"ЗАО ГКБ ""Автоградбанк""";1455
"ОАО АКБ ""ИТ Банк""";2609
"ОАО Комирегионбанк ""Ухтабанк""";1663
"ОАО КБ ""РусьРегионБанк""";685
"""Коммерческий Индо Банк"" ООО";3446
"ООО ""НРК""";3386
"АО ""Промэнергобанк""";2728
"ОАО Банк ""Народный кредит""";2401
"ЗАО АКБ ""НОВИКОМБАНК""";2546
"КБ ""Тульский Расчетный Центр"" (АО)";3380
"""РИАБАНК"" (АО)";3434
"""МБА-МОСКВА"" ООО";3395
"ООО ""Внешпромбанк""";3261
"ООО ""Банк ПСА Финанс РУС""";3481
"АКБ ""РосЕвроБанк"" (ОАО)";3137
"АКБ ""ХОВАНСКИЙ"" (АО)";2145
"ОАО АКБ ""Смолевич""";1121
"""Азиатско-Тихоокеанский Банк"" (ПАО)";1810
Центркомбанк ООО;2983
"КБ ""ИНТЕРКОММЕРЦ"" (ООО)";1657
"""БНП ПАРИБА"" ЗАО";3407
"РНКО ""ИРЦ"" ЗАО";3447
"ООО КБ ""Интеркапитал-Банк""";2706
"АКБ ""Мострансбанк"" ОАО";2258
"ОАО ""Рускобанк""";138
"ОАО ""АБ ""РОССИЯ""";328
"АКБ ""ЕНИСЕЙ"" (ОАО)";474
ЗАО НКО МРЦ;3325
"ООО МКБ ""Аверс""";415
"АКБ ""ЕВРОМЕТ"" (ОАО)";2902
Ставропольпромстройбанк - ОАО;1288
"ЗАО ""СНГБ""";588
"ООО КБ ""Лайтбанк""";3177
"АБ ""Девон-Кредит"" (ОАО)";1972
"АКБ ""ИнтрастБанк"" (ОАО)";3144
"АО НКО ""Расчетный Финансовый Дом""";3430
"АККСБ ""КС БАНК"" (ОАО)";1752
"ПАО ""МИнБанк""";912
"""Единый Строительный Банк"" (ООО)";3506
"ООО ""Банк Империя""";2535
"ПАО АКБ ""1Банк""";2896
АО ЮниКредит Банк;1
"АО ""Эксперт Банк""";2949
"АО ""Меткомбанк""";901
"ПАО ""Донкомбанк""";492
"КБ ""ЕВРОСТАНДАРТ"" (ООО)";3200
"АКБ ""СЕРВИС-РЕЗЕРВ"" БАНК (ЗАО)";2034
"ООО ИКБ ""ЛОГОС""";3233
"КБ ""БМБ"" (ООО)";2992
"""Дил-банк"" (ООО)";3384
"БАНК ""МСКБ"" (ПАО)";2722
АйСиБиСи Банк (АО);3475
"ООО ""УИК-БАНК""";1300
"КБ ""Банк Развития Технологий"" (ЗАО)";3441
"ЗАО АКБ ""ГАЗБАНК""";2316
"КБ ""БТФ"" ООО";1982
"АБ ""Алданзолотобанк"" АО";854
"АО Банк ""Национальный стандарт""";3421
"ЗАО ""БАНК БЕРЕЙТ""";3505
"ЗАО ""МОССТРОЙЭКОНОМБАНК""";948
"ООО ""ПроКоммерцБанк""";2996
"ОАО АКБ ""Проинвестбанк""";784
"ОАО ГБ ""Симбирск""";653
"""АйСиАйСиАй Банк Евразия"" (ООО)";3329
"АО БАНК ""РСКБ""";2050
"ОАО ""БАЛТИНВЕСТБАНК""";3176
"ЗАО АКБ ""ЦентроКредит""";121
"КБ ""Траст Капитал Банк"" ЗАО";2741
"ОАО КБ ""Восточный""";1460
"АО КБ ""ИНТЕРПРОМБАНК""";3266
"ОАО АК ""БайкалБанк""";2632
"""СеверСтройБанк"" АО";3507
"Банк ""Йошкар-Ола"" (ОАО)";2802
"РНКО ""РБЦ"" (ООО)";3487
"ОАО ""Региональный банк развития""";2782
"ООО ""Унифондбанк""";3416
"АБ ""АСПЕКТ"" (АО)";608
"ООО КБ ""Алтайкапиталбанк""";2659
"АКБ ""Заречье"" (ОАО)";817
"АО КБ ""ИВАНОВО""";1763
"ОАО ""Северинвестбанк""";2264
"ОАО АБ ""Народный банк РТ""";1309
"АКБ ""РОССИЙСКИЙ КАПИТАЛ"" (ПАО)";2312
"ЗАО КБ ""УРАЛЛИГА""";1626
"""БНП ПАРИБА БАНК"" АО";3407
"АКБ ""Адам Интернэшнл"" ОАО.";2232
"ООО КБ ""Сургутский Центральный""";684
"АКБ ""ЭНО"" (ОАО)";1988
"ООО ИКБ ""Совкомбанк""";963
"ПАО ""Норвик Банк""";902
"АКБ ""ГЛОБУС"" (ОАО)";2438
"ПАО ""МДМ Банк""";323
"ЗАО ""ЭКСИ-Банк""";2530
"БАНК ""ТУЛЬСКИЙ ПРОМЫШЛЕННИК"" (ПАО)";2382
"ПАО ""Банк ""Санкт-Петербург""";436
"ОАО ""ФОНДСЕРВИСБАНК""";2989
"АО ""Кредит Европа Банк""";3311
"ООО КБ ""Металлург""";2877
Ростпромстройбанк (ОАО);1705
К2 Банк (АО);2851
"КБ ""КИП-БАНК"" (ООО)";2843
"ООО КБ ""ДАГБИЗНЕСБАНК""";2862
БАНК ИТБ (ОАО);3128
"ЗАО КБ ""РУСНАРБАНК""";3403
"ПАО РАКБ ""МОСКВА""";1661
"ПАО АКБ ""Металлинвестбанк""";2440
"ОАО АКБ ""Сельмашбанк""";106
"ООО КБ ""Алмаз-Инвест-Банк""";2881
"ООО ""Русский Национальный Банк""";469
"ОАО ""Углеметбанк""";2997
"""Республиканский Кредитный Альянс"" ООО";3017
"ОАО АБ ""Кузнецкбизнесбанк""";1158
"ООО КБ ""РИнгкомбанк""";1909
"КБ ""МИА"" (ОАО)";3344
ОАО МПБ;2646
"ОАО БАНК ""ПРИОРИТЕТ""";3135
"ОАО ""Орелсоцбанк""";2921
"Банк ""КУБ"" (АО)";2584
"КБ ""РТБК"" (ООО)";2842
"АКБ ""ИНКАРОБАНК"" (ЗАО)";2696
"ОАО КБ ""Флора-Москва""";533
"ОАО ""Донкомбанк""";492
"АО АКБ ""ЦентроКредит""";121
"ОАО Банк ""ККБ""";1087
"ООО Банк ""Аверс""";415
"КБ ""ССтБ"" (ООО)";3397
"ООО КБ ""Стар Альянс""";3433
"ООО ""банк Раунд""";2506
"ОАО ""АБ ""ПУШКИНО""";391
"ПАО ""НИКО-БАНК""";702
"АКБ ""ТЕНДЕР-БАНК"" (АО)";2252
"ООО КБ ""ЯР-Банк""";3185
"ООО НКО ""Рапида""";3371
"ЗАО НКО ""Частный РКЦ""";3420
"ООО КБ ""ПрестижКредитБанк""";2922
"""Банк24.ру"" (ОАО)";2227
"НКО ООО ""АРБ-ИНКАСС""";3353
"ОАО ""АК БАРС"" БАНК";2590
ЗАО МС Банк Рус;2789
"АО ""Гринфилдбанк""";2711
Банк СКТ (ОАО);435
"ООО КБ ""Объединенный банк развития""";3345
"ПАО КБ ""УБРиР""";429
"КБ ""Геобанк"" (ООО)";2027
Джей энд Ти Банк (АО);3061
Банк ВТБ (ПАО);1000
"ООО КБ ""Аксонбанк""";680
"АКБ ""Ресурс-траст"" (ЗАО)";3122
"ПАО АКБ ""РБР""";2782
"ООО КБ ""Монолит""";1967
"ООО КБ ""ГТ банк""";665
"""РФИ БАНК"" ЗАО";3351
"Банк ""Прайм Финанс"" (ОАО)";2758
"ОАО КБ ""Верхневолжский""";1084
"ОАО ""Межтопэнергобанк""";2956
ГПБ (ОАО);354
ЗАО ПРЦ;3306
"ОАО ""Дальневосточный банк""";843
ПАО РОСБАНК;2272
ОКЕАН БАНК (АО);1697
ТКБ ОАО;2210
"ПАО ""Евразийский банк""";969
"ООО КБ ""Наратбанк""";1902
"ОАО Банк ""Онего""";2484
"ОАО КБ ""Михайловский ПЖСБ""";2961
"КБ ""СОЦЭКОНОМБАНК"" ООО";2917
"ООО КБ ""Еврокапитал-Альянс""";2672
"АКБ ""Форштадт"" (ЗАО)";2208
НОРВИК БАНК (ОАО);1407
"КБ ""ЕВРОСТАНДАРТ"" (ЗАО)";3200
"ООО КБЭР ""Банк Казани""";708
"АКБ ""КЭБ"" (ЗАО)";3298
"ПАО ""РосДорБанк""";1573
"АО ""АЛЬФА-БАНК""";1326
"ОАО ""ПСКБ""";2551
"АО АКБ ""ЭКСПРЕСС-ВОЛГА""";3085
"ООО ""Хакасский муниципальный банк""";1049
"ООО КБ ""Уралфинанс""";1370
"""Королевский Банк Шотландии"" ЗАО";2594
"ООО ""Дойче Банк""";3328
"НКО ""21 ВЕК"" (ООО)";3309
"ПАО ""Тайм Банк""";3120
"АКБ ""ВЕК"" (ЗАО)";2299
"ЗАО ""ВОКБАНК""";312
"АО ""ИК Банк""";1732
"АО КБ ""Хлынов""";254
"АКБ ""АЗИМУТ"" (ОАО)";3154
"ОАО НКБ ""РАДИОТЕХБАНК""";1166
"ПАО ""РОСБАНК""";2272
"ПАО ""Великие Луки банк""";598
"АБ ""Девон-Кредит"" (ПАО)";1972
"ОАО АКБ ""Пробизнесбанк""";2412
"АО Банк ""ПСКБ""";2551
"КБ ""ЮНИАСТРУМ БАНК"" (ООО)";2771
"ЗАО ""РУССТРОЙБАНК""";3205
"ОАО ""БАНК СГБ""";2816
"НКО ""Первый земельный РЦ"" (ООО)";3381
"""НОМОС-БАНК"" (ОАО)";2209
"НКО ""Расчетная палата РТС"" (ЗАО)";3335
"ОАО ""МИнБ""";912
"ООО ""Плато-банк""";2071
"ОАО ""Камчаткомагропромбанк""";545
"ЗАО НКО ""ПКД""";3343
"АО ""РФИ БАНК""";3351
"ОАО НКО ""Городской расчетный центр""";3346
"ООО КБ ""ИКФ""";3435
"ООО КБ ""Славянский кредит""";2960
"ОАО КБ ""Великие Луки банк""";598
"КБ ""Совинком"" ООО";2302
"АКБ ""БЭНК ОФ ЧАЙНА"" (АО)";2309
"""ИНРЕСБАНК"" ООО";2571
"ПАО МАБ ""Темпбанк""";55
"ОАО ""АКБ ""КОР""";2148
"ООО КБ ""КАМЧАТКА""";2966
"КБ ""Альта-Банк"" (ЗАО)";2269
"КБ ""Рублевский"" ООО";2192
ПАО АГРОИНКОМБАНК;1946
"ОАО КБ ""Солидарность""";554
"НКО ""ЭПС"" (ООО)";3509
"АКБ ""Тольяттихимбанк"" (ЗАО)";2507
"ООО КБ ""МК Банк""";3370
"ПАО ""Дальневосточный банк""";843
"ОАО ""Банк Премьер Кредит""";1663
"ООО ""Голдман Сакс Банк""";3490
ЗАО ЦРП;3313
"ООО ""Чайнасельхозбанк""";3529
"ПАО ""Совкомбанк""";963
"""Соверен Банк"" (ЗАО)";3206
"ИКБ ""ОЛМА-Банк"" (ООО)";3250
"ОАО Банк ""ФК Открытие""";2209
ОАО Банк ВТБ;1000
"ПАО ""ЧЕЛЯБИНВЕСТБАНК""";493
"АКБ ""РУССЛАВБАНК"" (ЗАО)";1073
"ООО КБ ""Мегаполис""";3265
"КБ ""МИКО-БАНК"" ООО";3195
"ООО КБ ""ОГНИ МОСКВЫ""";2328
"ОАО ""НБК-Банк""";3283
"ОАО ""ЧЕЛИНДБАНК""";485
"ООО КБ ""РостФинанс""";481
"ЗАО КБ ""МБР-банк""";2620
"АКБ ""ИНТЕРКООПБАНК"" (ПАО)";2803
"ОАО НКО ""Тувакредит""";1202
"ЗАО ""СМБСР Банк""";3494
"ООО КБ ""Банк Расчетов и Сбережений""";2617
"НКО ""Зеленокумская"" АО";1239
"ООО ""ФФИН Банк""";1143
"(ЗАО АКБ ""РОСТРАБАНК"")";1684
"ООО ""КЭБ БАНК РУС""";3525
АО Банк ЗЕНИТ Сочи;232
"ОАО ""ИнвестКапиталБанк""";2377
"ОАО ""Тверьуниверсалбанк""";777
ВЛБАНК (ОАО);1222
"ООО КБ ""УЗДАН""";2672
"АКБ ""НРБанк"" (АО)";2170
"ЗАО ""БСЖВ""";2295
"АКБ ""Сибирский Энергетический Банк"" (ЗАО)";2604
"ОАО КБ ""Донбанк""";2984
"ОАО ""Вербанк""";2374
"БАНК ""РЕЗЕРВ"" (ОАО)";2364
"ПАО ""Томскпромстройбанк""";1720
"ООО КБ ""Транспортный""";3174
"ООО КБ ""ВНЕШФИНБАНК""";3173
"ОАО ""МТС-Банк""";2268
"ПАО Банк ""Кузнецкий""";609
"ОАО КБ ""ИВАНОВО""";1763
"ОАО ""Уралтрансбанк""";812
"АКБ ""БАНК ХАКАСИИ"" (ОАО)";3334
"ОАО Банк ""Пурпе""";709
"НКО ""Транзит"" ООО";2688
"КБ ""НАФТАБАНК"" ООО";715
"ЗАО ""Банк Интеза""";2216
"ОАО КИБ ""ЕВРОАЛЬЯНС""";1781
"ОАО ПК ""ЭЛКАБАНК""";3006
Банк ПТБ (ООО);2638
"ОАО ""Геленджик-Банк""";790
"КБ ""ЛОКО-Банк"" (АО)";2707
"ПАО ""Липецккомбанк""";1242
"АКБ ""Абсолют Банк"" (ЗАО)";2306
"АКБ ""Зеленокумский"" (ОАО)";1239
"ОАО ""Банк Финсервис""";3388
"(ЗАО ""ЕвроАксис Банк"")";3273
"АО ""ТУСАРБАНК""";2712
"ЗАО МКБ ""Москомприватбанк""";2827
"НКО ""МОНЕТА.РУ"" (ООО)";3508
"НКО ""Зеленокумская"" (ОАО)";1239
"АО КБ ""НИБ""";2876
"АО ""ПЕРВОУРАЛЬСКБАНК""";965
АО БАНК МПБ;2646
"ООО КБ ""ОПМ-Банк""";2734
"АО ""Европлан Банк""";3052
"ООО КБ ""АйМаниБанк""";1975
"ОАО КБ ""Псковбанк""";594
"ООО ""ЕВРОКОМБАНК""";531
"ПАО АКБ ""Урал ФД""";249
"ЗАО КБ ""РУБанк""";2813
"АКБ ""Вятка-банк"" ОАО";902
"АО БАНК ""ТГБ""";3180
"НКО РКЦ ""БИТ"" (АО)";3318
"АКБ ""Кросна-Банк"" (ОАО)";2607
"ОАО ""Бузулукбанк""";1282
"Банк ""Кузнецкий мост"" АО";2254
"ЗАО АКБ ""Земский банк""";2900
"АКБ ""БТА-Казань"" (ОАО)";1581
"ЗАО ""АМИ-БАНК""";2270
"ОАО АКБ ""Приморье""";3001
"ЗАО ""ТРОЙКА-Д БАНК""";3431
"АО АКБ ""Банкирский Дом""";2928
"ОАО РНКО ""ФБ""";3502
"ЗАО АИКБ ""Енисейский объединенный банк""";2645
"ПАО ""АКИБАНК""";2587
"ЗАО ""Экономбанк""";1319
"КБ ""КАПИТАЛ-МОСКВА"" (ЗАО)";2789
"ОАО АКИБ ""КУРГАН""";2568
"ЗАО Банк ""Венец""";524
"АКБ ""1-й Процессинговый"" (ЗАО)";2241
"ЗАО КБ ""РУБЛЕВ""";3098
"КБ ""Техноком"" (ЗАО)";2614
"АКБ ""СВА"" (АО)";2768
ПАО НОКССБАНК;3202
"ООО ""Примтеркомбанк""";21
"ОАО КБ ""САММИТ БАНК""";85
"ПАО АКБ ""1БАНК""";2896
"ПАО НКБ ""РАДИОТЕХБАНК""";1166
"КБ ""Русский ипотечный банк"" (ООО)";1968
"АКБ ""ЕНИСЕЙ"" (ПАО)";474
"ЗАО ""Дексиа Банк""";3330
"АКБ ""Инвестторгбанк"" (ПАО)";2763
"ОАО МКБ ""ДОМ-БАНК""";3209
"""ООО ПЧРБ""";3291
"ООО КБ ""Тайдон""";2085
"ЗАО АКБ ""РУНА-БАНК""";3207
"ОАО ""Нерюнгрибанк""";825
"ЗАО КБ ""Эксперт Банк""";2949
"ОАО ""Роял Кредит Банк""";783
"ОАО ""АКБ САРОВБИЗНЕСБАНК""";2048
"КБ ""Евросоюз"" (ООО)";3411
"ОАО КБ ""Спутник""";1071
"ЗАО АКБ ""Банкирский Дом""";2928
"ОАО АКБ ""Урал ФД""";249
"ОИКБ ""Русь"" (ООО)";704
"ООО НКО ""Яндекс.Деньги""";3510
"АКБ ""ДАЛЕТБАНК"" (АО)";3049
"ООО КБ ""Агросоюз""";1459
"КБ ""Уссури"" ОАО";596
"АО ""Автоградбанк""";1455
Санкт-Петербургский банк инвестиций (ЗАО);3468
ТКБ БАНК ПАО;2210
"""Азиатско-Тихоокеанский Банк"" (ОАО)";1810
"Банк ""СКС"" (ООО)";3224
Сталь Банк (ООО);2248
"ОАО ""МОСКОВСКИЙ КРЕДИТНЫЙ БАНК""";1978
"ЗАО ""БМИ""";3396
"ОАО АКБ ""ЭЛЬБИН""";2267
"АКИБ ""ОБРАЗОВАНИЕ"" (АО)";1521
"АО КБ ""РосинтерБанк""";226
"КБ ""Старый Кремль"" (ООО)";2657
ВТБ 24 (ПАО);1623
КИВИ Банк (ЗАО);2241
"ОАО ""ТЭМБР-БАНК""";2764
"ООО ""ПромТрансБанк""";2638
"ОАО ""НИКО-БАНК""";702
"АБ ""ИНТЕРПРОГРЕССБАНК"" (ЗАО)";600
"ОАО ""СЕВЗАПИНВЕСТПРОМБАНК""";2152
"ЗАО ""Гринкомбанк""";1184
"ЗАО комбанк ""Арзамас""";1281
"ООО КБ ""Алтайэнергобанк""";1975
"""Северный Народный Банк"" (ПАО)";2721
"ООО КБ ""Столичный Кредит""";2853
"ООО КБ ""Кредэксбанк""";3186
ОАО ЕАТПБанк;1765
"АО ""Кросна-Банк""";2607
"ООО ""Чайна Констракшн Банк""";3515
"АО ""НСТ-БАНК""";1738
"""ООО Охабанк""";1143
"Банк ""Новый Символ"" (ЗАО)";370
"АКБ ""МАЙКОПБАНК"" (ЗАО)";1136
"БАНК ""НЕЙВА"" ООО";1293
"АКБ ""МИРЪ"" (ОАО)";3089
"ООО КБ ""Анелик РУ""";3443
"ПАО ""Выборг-банк""";720
"ЗАО НДКО ""ЖМС""";3458
"ПАО КБ ""ЯРОСЛАВИЧ""";1093
"АКБ ""Форштадт"" (АО)";2208
"""Натиксис Банк (АО)""";3390
"ОАО УКБ ""Новобанк""";1352
НКО АО ПРЦ;3306
"ООО КБ ""ВББ""";1342
"КБ ""Спутник"" (ПАО)";1071
"АКБ ""Радиан"" (ОАО)";1675
"АО ""Экономбанк""";1319
"АКБ ""Алмазэргиэнбанк"" ОАО";2602
ОАО ХАНТЫ-МАНСИЙСКИЙ БАНК;1971
"ЗАО ""ИК Банк""";1732
"Банк ""ИТУРУП"" (ООО)";2390
"КБ ""БРТ"" (АО)";3441
"ПАО ""О.К. Банк""";1118
"ПАО ""Социнвестбанк""";1132
"ОАО ""Липецккомбанк""";1242
"ООО КБ ""СИНКО-БАНК""";2838
"ЗАО ""Вэлкомбанк""";589
"ОАО НДКО ""Ричфорд Кредит""";3489
"ЗАО ""Автоградбанк""";1455
"АКБ ""Крыловский"" (ОАО)";456
"ООО ""РУСБС""";779
"АКБ ""ФЬЮЧЕР"" (ОАО)";2574
"КБ ""НЕФТЯНОЙ АЛЬЯНС"" (ПАО)";2859
"ООО КБ ""ЭРГОБАНК""";2856
"АКБ ""КОДЕКС"" (ОАО)";2746
"АКБ ""Новый Кредитный Союз"" (ЗАО)";3139
"ЗАО КБ ""Свенска Хандельсбанкен""";3455
"ПАО ""Энергомашбанк""";52
"НКО АО ""ЛИДЕР""";3304
"КБ ""Финансовый стандарт"" (ООО)";1053
"АКБ ""ХОВАНСКИЙ"" (ЗАО)";2145
"ООО КБ ""Лэнд-Банк""";1478
"АКБ ""ОБПИ"" (ОАО)";2626
"АКБ ""БНКВ"" (ЗАО)";2472
"ООО ""ОНЕЙ БАНК""";3516
"ПАО ""Первобанк""";3461
"НКО ""Ассигнация"" ООО";865
"ООО МИБ ""ДАЛЕНА""";1948
"ООО ""ВСБ""";2428
"АКБ ""СТРАТЕГИЯ"" (ПАО)";2801
"ПАО ""Крайинвестбанк""";3360
"""Муниципальный Камчатпрофитбанк"" (АО)";2103
"ООО ""Камкомбанк""";438
ОАО АГРОИНКОМБАНК;1946
"ОАО ""Таганрогбанк""";3136
"Банк ""РЕСО Кредит"" (ОАО)";3450
"ОАО КБ ""ТЭСТ""";3440
"ПАО ""Торжокуниверсалбанк""";933
"ОАО ""Тагилбанк""";1635
"АКБ ""СОФИЯ"" (ЗАО)";2867
"КБ ""КРК"" (ОАО)";3385
"ЗАО АКБ ""ЭКСПРЕСС-ВОЛГА""";3085
"ООО банк ""Элита""";1399
"ООО КБ ""Контраст-банк""";2857
"Банк ""Вятич"" (ОАО)";2796
"Банк ""ЦЕРИХ"" (ЗАО)";3278
"АО ""Уралприватбанк""";153
"ООО КБ ""Расчетный Дом""";3350
"АО ""СМП Банк""";3368
"ООО КБ ""ЭКО-ИНВЕСТ""";3116
"НКО ""ОРП"" (ООО)";3451
ЗАО РОСЭКСИМБАНК;2790
"ПАО ""БАЛТИНВЕСТБАНК""";3176
"НКО ""СПРП"" (ООО)";384
"АО ""Россельхозбанк""";3349
"ООО КБ ""Эл банк""";1025
"АКБ ""Северо-Западный 1 Альянс Банк"" ОАО";766
"ЗАО КБ ""Мираф-Банк""";2244
"ООО КБ ""Декабанк""";3104
"ОАО ""СКА-Банк""";1957
"АО АКБ ""Турбобанк""";3203
ПВ-Банк (ЗАО);634
"АО ""ВостСибтранскомбанк""";2731
"ОАО АКБ ""Русский земельный банк""";2810
"ИКБ ""Энтузиастбанк"" ООО";3048
"""Миллениум Банк"" (ЗАО)";3423
"КБ ""ЕДИНСТВЕННЫЙ"" (ООО)";3187
"ЗАО Банк ""Вологдабанк""";992
"АО ""РУССТРОЙБАНК""";3205
"ЗАО ""БИНБАНК кредитные карты""";2827
"АКБ ""Ланта-Банк"" (АО)";1920
ПАО Ставропольпромстройбанк;1288
"АБ ""Регион"" (ОАО)";233
"КБ ""Сунжа"" ООО";2023
"ОАО ""Вкладбанк""";1868
"ООО КБ ""Избербаш""";2407
АО ВКАБАНК;1027
"ОАО ""НОМОС-БАНК-Сибирь""";410
"ЗАО ПТКБ ""МЕРКУРИЙ""";142
"КБ ""СИСТЕМА"" ООО";2846
"ООО КБ ""ПРЕОДОЛЕНИЕ""";2649
"ОАО КБ ""Региональный кредит""";1927
"ЗАО ""ИБК""";3339
"АО ""ГЛОБЭКСБАНК""";1942
"ООО ""Америкэн Экспресс Банк""";3460
"БАНК ""МНХБ"" ПАО";1411
"КБ ""Холдинг-Кредит"" ООО";3030
"Банк ""Возрождение"" (ОАО)";1439
"ООО КБ ""НЕВАСТРОЙИНВЕСТ""";1926
"""Нацинвестпромбанк"" (АО)";3077
"ЗАО АКБ ""РОСТРАБАНК""";1684
"Банк ""РЕСО Кредит"" (АО)";3450
БАШКОМСНАББАНК (ПАО);1398
"АКБ ""Алмазэргиэнбанк"" АО";2602
"АО ""МБ Банк""";3396
"ПАО АКБ ""Новация""";840
"ПАО АКБ ""АВАНГАРД""";2879
"ОАО ""АМБ Банк""";3036
"Банк ""Кредит-Москва"" (ПАО)";5
"ЗАО ""КБ ""СИБЭС""";208
"ОАО АПБ ""Екатерининский""";2167
"РНКО ""ФРЦ"" ЗАО";3319
"ООО ""Банк БКФ""";2684
"ОАО КБ ""Торжокуниверсалбанк""";933
"ОАО ""АФ Банк""";991
"ЗАО ""ГЕНБАНК""";2490
Айви Банк (ЗАО);2055
"АО КБ ""АГРОПРОМКРЕДИТ""";2880
"""ЗЕРБАНК (Москва)"" (ЗАО)";2559
"ЗАО КБ ""Наратбанк""";1902
"ООО ""МКБ им. С. ЖИВАГО""";2065
"КБ ""КБР БАНК"" (ООО)";3364
"КБ ""Экономический Союз"" ООО";2798
"АКБ ""СВА"" (ОАО)";2768
"КБ ""РЭБ"" (АО)";2211
"""ФИНАРС Банк"" (ЗАО)";2938
"АКБ ""СЛАВЯНСКИЙ БАНК"" (ЗАО)";383
Таурус Банк (АО);655
"Банк ""Северный кредит"" (ОАО)";2398
"АО ""ОРБАНК""";937
"АБ ""Таатта"" ЗАО";1249
"АО НКО ""Сетевая Расчетная Палата""";3332
"БАНК ""КУРГАН"" ПАО";2568
"АО КИБ ""ЕВРОАЛЬЯНС""";1781
"АКБ ""РосЕвроБанк"" (АО)";3137
"Банк ""Левобережный"" (ПАО)";1343
"АО ""Мираф-Банк""";2244
"АКБ ""ЛУЖНИКИ-БАНК""";2462
"АО ""Вэлтон Банк""";1105
"АО ""РН Банк""";170
"ОАО Банк ""Объединенный капитал""";2611
"АКБ ""ОБПИ"" (ПАО)";2626
"АО ""Кузнецкбизнесбанк""";1158
"ООО ""ХКФ Банк""";316
"Кизилюртовская РНКО ""Сулак"" ООО";749
"АО ""Тинькофф Банк""";2673
"ПАО ""Промсвязьбанк""";3251
"ПАО ""БАНК УРАЛСИБ""";2275
"ООО ""Банк РСИ""";3415
"ООО КБ ""Первый депозитный""";1244
"ПАО АКБ ""Сельмашбанк""";106
"АКБ ""Акция"" ОАО";927
"ЗАО ""Банк ЖилФинанс""";3138
"ОАО ""Белгородпромстройбанк""";1816
"АКБ ""ПЕРЕСВЕТ"" (ЗАО)";2110
"ОАО МКБ ""Замоскворецкий""";1640
"""Запсибкомбанк"" ОАО";918
"ЗАО ""Вэлтон Банк""";1105
"АО ""Данске банк""";3307
"АКБ ""ГАЛАБАНК"" ЗАО";3090
"ОАО ""Омск-Банк""";1189
"ОАО ""Крайинвестбанк""";3360
"ОАО АКБ ""Перминвестбанк""";784
"АККСБ ""КС БАНК"" (ПАО)";1752
"ОАО АКБ ""Капиталбанк""";2547
"КБ ""Метрополь"" ООО";1639
"АКБ ""Терра"" ЗАО";3476
"ООО ""РегионИнвестБанк""";2652
"""СИБСОЦБАНК"" ООО";2015
"Банк ""Клиентский"" (АО)";2324
"АО МКБ ""ДОМ-БАНК""";3209
Креди Агриколь КИБ АО;1680
"ООО ""Икано Банк""";3519
"АО ""СМБСР Банк""";3494
"ООО КБ ""Взаимодействие""";1704
"ООО ""ЮРБ""";3015
"ООО Банк ""Саратов""";330
"МКБ ""КАЗДАГ Интернешнл"" ООО";3173
"ОАО ""ВостСибтранскомбанк""";2731
"АО ""БАЛАКОВО-БАНК""";444
"ООО ""Банк ""Майский""";1673
"АКБ ""ЧУВАШКРЕДИТПРОМБАНК"" ПАО";1280
"ПАО ""ИнтехБанк""";2705
"""Объединенный банк Республики"" (ООО)";1016
"КБ ""НС Банк"" (ЗАО)";3124
"ООО КБ ""Кредит Экспресс""";3186
"КБ ""РБА"" (ООО)";3413
"ПАО ""Банк БФА""";3038
"""Коммерческий банк Индии"" ООО";3446
"КБ ""Байкалкредобанк"" (ОАО)";2990
"АО ""ВОКБАНК""";312
"ООО ИКБ ""МЕСЕД""";184
"ООО КБ ""МВС Банк""";2407
"ОАО ""ВКБ""";1153
"АО ""Арксбанк""";1868
"""Натиксис Банк АО""";3390
"НКО ЗАО ""МИГОМ""";3323
"(ЗАО АКБ ""Кавказ-Гелиос"")";1618
"АО БАНК ""Ермак""";1809
"КБ ""КБЦ"" /ООО/";914
"ЗАО КБ ""ЛАДА-КРЕДИТ""";2668
"АО ""ТАТСОЦБАНК""";480
"ОАО ""Тайм Банк""";3120
"ОАО ""БАНК ОРЕНБУРГ""";3269
"ОАО КБ ""Жилстройбанк""";2769
ОАО Банк ЗЕНИТ;3255
"ОАО ""О.К. Банк""";1118
"ПАО ""БАНК СГБ""";2816
"ОАО ""Плюс Банк""";1189
"ОАО КБ ""Хлынов""";254
"КБ ""Ренессанс Капитал"" (ООО)";3354
"ОАО ""СИББИЗНЕСБАНК""";2539
"ПАО ""АК БАРС"" БАНК";2590
"ОАО ""МСКБ""";2722
"ОАО КБ ""Агроимпульс""";514
"ЗАО ""НОМОС-БАНК-Сибирь""";410
"ООО КБ ""Конфидэнс Банк""";970
"ПАО ""ЧЕЛИНДБАНК""";485
"ООО КБ ""Развитие""";2729
"ЗАО ""ТУСАРБАНК""";2712
АКБ НМБ ОАО;2865
"АО ""МЕТРОБАНК""";2548
"ОАО ""ПРБ""";1730
"ООО ""СПЕЦСТРОЙБАНК""";236
"ООО ""Промсельхозбанк""";538
"КБ ""ИНВЕСТИЦИОННЫЙ СОЮЗ"" (ООО)";637
"ОАО КБ ""Краскомбанк""";1087
ПАО М2М Прайвет Банк;1414
"КБ ""Международный Банк Развития"" (ЗАО)";2704
"АКБ ""Инвестбанк"" (ОАО)";107
"АО ""МСП Банк""";3340
"ОАО ""АККОБАНК""";1701
"АО АКИБ ""Почтобанк""";1788
КИВИ Банк (АО);2241
"ООО КБ ""Центрально-Европейский Банк""";2670
Банк - Т (ОАО);625
"ПАО СКБ Приморья ""Примсоцбанк""";2733
"ОАО КБ ""МАСТ-Банк""";3267
"ОАО КБ ""Мосводоканалбанк""";2863
"КБ ""Гаранти Банк - Москва"" (АО)";3275
"ОАО АКБ ""ЭКОПРОМБАНК""";2011
"ООО ""МКС""";3242
"КБ ""Гаранти Банк - Москва"" (ЗАО)";3275
"АО КБ ""Флора-Москва""";533
"ОАО АКБ ""Связь-Банк""";1470
"ЗАО НГАБ ""Ермак""";1809
"КБ ""БДБ"" (ООО)";1060
"ООО КБ ""КРЕДО ФИНАНС""";793
"АО ""ИШБАНК""";2867
"ЗАО ""Нижегородпромстройбанк""";1851
"АО ""Булгар банк""";1917
"ООО КБ ""АРЕСБАНК""";2914
"КБ ""ЭКСПРЕСС-ТУЛА"" (ОАО)";3237
"НКО ""ОРС"" (ОАО)";3342
"ЗАО КБ ""ИНКРЕДБАНК""";3405
"ОАО БАНК ""МБФИ""";2073
"ОАО АКБ ""Новация""";840
"ЗАО ""ТЮМЕНЬАГРОПРОМБАНК""";917
"ООО ""Городской Ипотечный Банк""";1627
"ОАО ""Спиритбанк""";2053
ЗАО НАЦИОНАЛЬНЫЙ БАНК СБЕРЕЖЕНИЙ;1949
"КБ ""Нацинвестпромбанк"" (ЗАО)";3077
"АО  ""Европлан Банк""";3052
"ЗАО ""Банк ФИНАМ""";2799
АО Банк Инноваций и Развития;2647
"НКО ЗАО ""ЛИДЕР""";3304
"ООО ""Барклайс Банк""";2998
"ОАО АКБ ""Стелла-Банк""";2948
"ООО КБ ""Кетовский""";842
"ЗАО ""ОРБАНК""";937
"ЗАО ""НИБ""";2876
"АКБ ""НАШ ДОМ"" (АО)";3296
"АКБ ""ИРС"" (АО)";272
ЗАО УРП;3326
"АО КБ ""Ситибанк""";2557
"ОАО ""Выборг-банк""";720
"АО ""НС Банк""";3124
"ООО КБ ""Каспий""";639
"АО КБ ""РУБЛЕВ""";3098
"ОАО КБ ""Пойд?м!""";2534
"ООО ""КБ ""МЕЖТРАСТБАНК""";2493
"АКБ  ""Онлайн Банк"" (ЗАО)";2462
ОАО М2М Прайвет Банк;1414
"ООО ""Крона-Банк""";2499
"ООО НКО ""Единая касса""";3512
Связной Банк (АО);1961
"ЗАО АКБ ""Турбобанк""";3203
"ЗАО ""Денизбанк Москва""";3330
"ПАО ""Уралтрансбанк""";812
"КБ ""Анталбанк"" ООО";3115
"ООО ""КБ ""Стройкредит-Казань""";3449
"ПАО ""Ханты-Мансийский банк Открытие""";1971
"ЗАО АБ ""Капитал""";575
"""ФИНАРС Банк"" (АО)";2938
"ЗАО АКБ ""Приобье""";537
"АКБ ""Мосуралбанк"" (ЗАО)";2468
"КБ ""ПСИБ"" (ООО)";2761
"ООО КБ ""ФДБ""";3071
"ОАО ""Банк ""Санкт-Петербург""";436
"ООО ""ЛидБанк""";3471
"ООО НКО ""Деньги.Мэйл.Ру""";3511
"АКБ ""АлтайБизнес-Банк"" (ОАО)";2388
"ПАО ""РГС Банк""";3073
"ООО ""Вестинтербанк""";3398
"ЗАО ""РКБ""";836
"ОАО СКБ Приморья ""Примсоцбанк""";2733
"ОАО ""БАЛАКОВО-БАНК""";444
"ООО ""КБК-Банк""";2571
НКО Красноярский Краевой Расчетный Центр ООО;3483
"КБ ""РИАЛ-КРЕДИТ"" (ООО)";3393
"АО ""Тагилбанк""";1635
"АКБ ""Ноосфера"" (АО)";2650
"""ТКБ"" (ЗАО)";2210
"АКБ ""КРОССИНВЕСТБАНК"" (ОАО)";2849
"ООО КБ ""МНИБ""";3181
"АО ""ГЕНБАНК""";2490
"КБ ""ДС-БАНК"" (ООО)";3439
"АО НКО ""Частный РКЦ""";3420
"""Банк ""МБА-МОСКВА"" ООО";3395
Банк РМП (ПАО);2574
"АО ""Банк Интеза""";2216
"АО ""Солид Банк""";1329
"ООО КБ ""Банк БФТ""";2273
"АКБ ""ПЕРВЫЙ ИНВЕСТИЦИОННЫЙ"" (ЗАО)";604
"Банк ""Таврический"" (ОАО)";2304
"КБ ""Канский"" ООО";860
"ПАО КБ ""РусЮгбанк""";2093
"АО ""Зернобанк""";2337
Банк ГПБ (АО);354
"ООО ""ЭСИДБАНК""";1991
"ОАО КБ ""Стройкредит""";18
"ОАО ""АКИБАНК""";2587
"ОАО ""Первобанк""";3461
"ЗАО ""Сберинвестбанк""";1743
"ОАО ""Газэнергобанк""";3252
"ЗАО ""КАБ ""Викинг""";2
"АО ""БИНБАНК кредитные карты""";2827
"ЗАО ""Булгар банк""";1917
"АКБ ""НАШ ДОМ"" (ЗАО)";3296
"ЗАО ""БАРЕНЦБАНК""";2188
"НКО ""ИНКАХРАН"" (ОАО)";3454
"""РИАБАНК"" (ЗАО)";3434
"ООО ""НОВЫЙ КОММЕРЧЕСКИЙ БАНК""";347
"ЗАО ""СМАРТБАНК""";3408
"ООО КБСИ ""Стройиндбанк""";155
"ОАО ""МЕТКОМБАНК""";2443
"АО БАНК ""РКБ""";836
"ООО ""КБ ""Европейский Экспресс""";3449
"ЗАО АКБ ""Национальный Клиринговый Центр""";3466
"ОАО ИКБ ""Совкомбанк""";963
"ОАО АКБ ""Пермь""";875
"ОАО ""НБД-Банк""";1966
"НКО ""Евроинвест"" (ООО)";3383
"НКО ""Премиум"" (ООО)";3514
"ПАО КБ ""РусьРегионБанк""";685
ОАО ВКАБАНК;1027
"АО ""ИнвестКапиталБанк""";2377
"ОАО ""ТСБ""";1250
"КБ ""ВЕТБ"" ЗАО";2253
"АКБ ""БРР"" (ОАО)";3315
"КБ ""Арсенал"" ООО";3000
"АО ""Денизбанк Москва""";3330
"ОАО ""Мобилбанк""";532
"ОАО КБ ""Центр-инвест""";2225
"МПБ ""Идельбанк"" (ЗАО)";3206
"АО АБ ""Капитал""";575
"АО ""БКС Банк""";101
"АКБ ""Ижкомбанк"" (ОАО)";646
"ООО ""ТАНДЕМБАНК""";1951
"ОАО ""ЯРСОЦБАНК""";828
"КБ ""Альтернатива"" (ООО)";3452
"ЗАО ""Райффайзенбанк""";3292
"ООО РИКБ ""Ринвестбанк""";3262
"КБ ""Континенталь"" ООО";3184
"АО ""СтарБанк""";548
"Банк ""Снежинский"" ПАО";1376
"АО ""КОШЕЛЕВ-БАНК""";3300
"ПАО ""Татфондбанк""";3058
"ОАО ""Витабанк""";356
"КБ ""Гарант-Инвест"" (АО)";2576
"ЗАО АКБ ""Тексбанк""";2756
"ПАО Банк ""ФК Открытие""";2209
"ПАО ""БИНБАНК Сургут""";1701
"ООО ""ТАТАГРОПРОМБАНК""";728
"АКБ ""Мастер-Капитал"" (ОАО)";3011
"ПАО БАНК ""ЮГРА""";880
"ОАО ""Смоленский Банк""";2029
"ОАО КБ ""СОЦГОРБАНК""";1827
"ООО КБ ""Дружба""";990
ЗАО ЮниКредит Банк;1
"АО ""Банк ЖилФинанс""";3138
"ООО КБ ""ФИНТРАСТБАНК""";3104
"ОАО КБ ""Соколовский""";2830
"АО Банк ""Венец""";524
"АКБ ""ФОРА-БАНК"" (АО)";1885
"РНКО ""РКО ""ИРЦ"" ЗАО";3447
"АКБ ""ИНТЕРКООПБАНК"" (ОАО)";2803
"АКБ ""Московский Вексельный Банк"" (ЗАО)";2697
"ПАО БАНК ""СИАБ""";3245
"ОАО КБ ""ЯРОСЛАВИЧ""";1093
"ООО КБ ""СОЮЗНЫЙ""";3236
"АО КБ ""ТЕТРАПОЛИС""";1586
"АО ""ОТП Банк""";2766
"АКБ ""ВПБ"" (ЗАО)";3065
"ОАО АКБ ""РУССОБАНК""";2313
"ЗАО ""ДАЛТА-БАНК""";142
ОАО Банк АВБ;23
"ОАО ""Кредпромбанк""";1165
"ОАО ""Энергомашбанк""";52
"АО ""ФИА-БАНК""";2542
"ОАО Банк ""ОТКРЫТИЕ""";2179
"(ОАО ""Кавказпромстройбанк"")";1614
"АКБ ""Держава"" ПАО";2738
"Банк ""Прайм Финанс"" (АО)";2758
"АО КБ ""Ассоциация""";732
"Банк ""Новый Символ"" (АО)";370
"АО ""Райффайзенбанк""";3292
АКБ МОСОБЛБАНК ОАО;1751
"ООО КБ ""Адмиралтейский""";3054
"КБ ""Еврорасчет"" (ООО)";3498
ЗАО АЖКБ;3050
"""БСТ-БАНК"" АО";2883
"ПАО ""БИНБАНК""";2562
"ОАО Банк ""Петрокоммерц""";1776
"КБ ""РТС-Банк"" (ЗАО)";3401
"""ЗАО АКИБ ""Почтобанк""";1788
"ООО комбанк ""Богородский""";1277
"АКБ ""Держава"" ОАО";2738
"ПАО АКБ ""РОСБАНК""";2272
"ООО НКО ""Вологда-Кредит""";3419
"АО комбанк ""Арзамас""";1281
Банк Экономический Союз (АО);2798
"ООО КБ ""МИЛБАНК""";3256
"КБ ""Природа"" (ООО)";3399
"""Объединенный национальный банк"" (ООО)";2074
АО ЕАТПБанк;1765
"ООО КБ ""Смоленский Банк""";2029
"АО ""РУНА-БАНК""";3207
"АКБ ""ЕВРОМЕТ"" (ПАО)";2902
"ЗАО АКБ ""ГОРБАНК""";2982
"ООО КБ ""МЕЖТРАСТБАНК""";2493
"АО ""УРАЛПРОМБАНК""";2964
"АКБ ""Мультибанк"" ОАО";2235
"КБ ""МЕЖРЕГИОНАЛЬНЫЙ ПОЧТОВЫЙ БАНК"" ООО";3171
ПАО МОСОБЛБАНК;1751
"АО ""Нордеа Банк""";3016
"ПАО АКБ ""Акцент""";696
"ПАО ""НБД-Банк""";1966
"""МТИ-Банк"" (АО)";1052
"АО ""АКБ ""КОР""";2148
"ОАО АКБ ""ГАЗСТРОЙБАНК""";2919
"АО ""ФОРУС Банк""";3457
"АО Банк ""Развитие-Столица""";3013
"ООО КБ ""РАТИБОР-БАНК""";2174
"ОАО КБ ""ВВНБ""";3033
"АО КБ ""ФорБанк""";2063
"ОАО ""НББ""";2795
"Банк ""Первомайский"" (ЗАО)";518
"РНКО ""ЦМР"" (ООО)";3400
"ЗАО АИКБ ""ЗЕНИТ БИЗНЕС БАНК""";3278
"ОАО ""БАНК РОССИЙСКИЙ КРЕДИТ""";324
"ОАО ""ГАНЗАКОМБАНК""";1734
"АБ ""БРП"" (ОАО)";2836
"ЗАО ""НКБ ""СЛАВЯНБАНК""";804
"АО КБ ""РУСНАРБАНК""";3403
"КБ ""РМБ"" ЗАО";3123
ББР Банк (АО);2929
"КБ ""МАК-банк"" (ООО)";1088
"ООО КБ ""ФПК""";3295
"ООО КБ ""АкадемРусБанк""";622
"ОАО ""СТБ""";2797
"КБ ""УНИВЕРСАЛТРАСТ"" (ООО)";3402
"АКБ ""БАНК КИТАЯ (ЭЛОС)""";2309
"КБ ""Москоммерцбанк"" (АО)";3365
"ПАО Банк ""АЛЕКСАНДРОВСКИЙ""";53
"ООО Банк ""СКИБ""";3329
"АКБ ""Абсолют Банк"" (ПАО)";2306
"""КУБ"" ОАО";2584
"ООО ""ЗЕМКОМБАНК""";574
"ПАО ""БИНБАНК Тверь""";777
"АКБ ""ГОРОД"" ЗАО";2644
"ПАО КБ ""САММИТ БАНК""";85
"ООО ""Джаст Банк""";3503
"ООО КБ ""Регионфинансбанк""";3357
"КБ ""ЭНЕРГОПРОМБАНК"" (ООО)";2248
"ООО ""АБМ Банк""";3477
"КБ ""ВЕГА-БАНК"" (ООО)";3270
"КАБ ""Бежица-банк"" ОАО";650
"ОАО банк ""Воронеж""";654
"АО ""Сити Инвест Банк""";3194
"АКБ ""НАЦКОРПБАНК"" ОАО";3422
"АКБ ""Московский Вексельный Банк"" (АО)";2697
"АКБ ""Кузбассхимбанк"" (ПАО)";2868
"ОАО АКБ ""Лесбанк""";1598
"""Тимер Банк"" (ПАО)";1581
"ОАО АКБ ""Металлинвестбанк""";2440
"""НоваховКапиталБанк"" (ЗАО)";635
"АКБ ""МФТ-Банк"" (ОАО)";3356
"МБО ""ОРГБАНК"" (ООО)";3312
"ООО ""УралКапиталБанк""";2519
"ОАО ""АНДЖИБАНК""";570
"ЗАО ""ЗАТО-банк""";3408
"""Мой Банк. Ипотека"" (ОАО)";2436
"ООО КБ ""Велга""";1244
"ЗАО КБ ""КЕДР""";1574
"ЗАО ""Сити Инвест Банк""";3194
"ОАО ""ЛЕСПРОМБАНК""";1835
"ОАО ""Заубер Банк""";1614
"ОАО ""Липецкоблбанк""";1794
"ОАО АКБ ""Универсальный кредит""";2903
"ООО ""ЛЕНОБЛБАНК""";1003
"НКО ""Расчетная палата РТС"" (ООО)";3335
"КБ ""Байкалкредобанк"" (ПАО)";2990
"ЗАО ""МЕТРОБАНК""";2548
"ООО ""Витас Банк""";1955
"ООО ""Ю Би Эс Банк""";3463
"КБ ""Гагаринский"" (АО)";606
"ЗАО ""ЮМК банк""";3495
"ООО КБ ""АУЭРБАНК""";3105
"АКБ ""ИРС"" (ЗАО)";272
"АКБ ""Русский Трастовый Банк"" (ЗАО)";1139
"""СеверСтройБанк"" ОАО";3507
"ОАО ""Аделантбанк""";1835
"ПАО КБ ""ЕвроситиБанк""";1869
КБ СССБ (ООО);3062
"ООО ""Расчетный центр Финансового Дома""";3309
"АО ""Нефтепромбанк""";2156
ЗАО СРЦ;3308
"АО ""Рускобанк""";138
"АКБ ""МБРР"" (ОАО)";2268
"АИБ ""Имбанк"" (ОАО)";2098
"ЗАО ""Народный банк""";2249
"""НКО ""Транштрейд"" ООО""";2676
"КБ ""ПРИСКО КАПИТАЛ БАНК"";2537
"ООО КБ ""Новопокровский""";467
"ЗАО ""Данске банк""";3307
"ООО ""ИПОЗЕМбанк""";3026
"ООО КБ ""НР Банк""";3359
"Банк ""Нальчик"" ООО";695
"ЗАО ""Первый Дортрансбанк""";3271
"""НАЦКОРПБАНК"" (АО)";3422
"""МИ-БАНК"" (ОАО)";2742
"КБ ""Интеркредит"" (ЗАО)";3047
"ПАО КБ ""МПСБ""";752
"""Мерседес-Бенц Банк Рус"" ООО";3473
"ООО РНКО ""Майма""";1037
"ОАО ""ВУЗ-банк""";1557
"ОАО ""Промэнергобанк""";2728
"Банк ""Кредит-Москва"" (ОАО)";5
"ПАО Банк ""ВВБ""";1093
"ООО КБ ""ГРиС-Банк""";1928
"""Банк Кремлевский"" ООО";2905
"АО КБ ""Синергия""";2884
"ООО ""ФЕРРОБАНК""";2506
"Банк ""Навигатор"" (ОАО)";2469
"ЗАО """"Восточный ипотечный банк""";3052
"ООО КБ ""Евроазиатский Инвестиционный Банк""";2897
"ПАО ""Банк Премьер Кредит""";1663
"КБ ""Кубань Кредит"" ООО";2518
"Банк ""Клиентский"" (ОАО)";2324
"ПАО ""Камчаткомагропромбанк""";545
"АКБ ""СТРАТЕГИЯ"" (ОАО)";2801
"ООО КБ ""Калуга""";1151
"ООО ""Идеалбанк""";3491
"ОАО Инвестбанк ""БЗЛ""";1282
"ОАО Банк ""ПСБ""";1943
"КБ ""ВЕБРР"" (ООО)";3418
"ОАО АКБ ""ПРОМИНВЕСТБАНК""";2433
"ОАО КБ ""ПФС-БАНК""";2410
"ЗАО ""Гринфилдбанк""";2711
"ОАО ""УРАЛСИБ""";2275
"АКБ ""ЗОЛОСТБАНК"" (ЗАО)";3049
"ООО КБ ""Сембанк""";2606
"ОАО ""Банк Москвы""";2748
"""Интерактивный Банк"" (ООО)";3378
"КБ ""Охотный ряд"" (ООО)";3375
"ООО ""ПромСервисБанк""";1659
"ОАО КБ ""РЕГИОНАЛЬНЫЙ КРЕДИТНЫЙ БАНК""";1608
"ОАО ""Губернский банк ""Тарханы""";459
"ОАО Банк ""Западный""";2598
"""Конгресс-Банк"" ОАО";2330
ООО Банк Оранжевый;1659
"АО КБ ""Златкомбанк""";568
"КБ ""Максима"" (ООО)";3379
"""БАНК ГОРОД"" (АО)";2644
"ООО ""АвтоКредитБанк""";1973
"ОАО ""ЮНИКОРБАНК""";2586
БАНК ИТБ (АО);3128
"АКБ ""Легион"" (ЗАО)";3117
"КБСР ""Дагестан"" ООО";543
"ОАО АКБ ""РФА""";2035
"ЗАО ""Приполяркомбанк""";507
"ОАО ""Невский банк""";1068
"""СПОРТИНВЕСТБАНК"" ООО";1003
"АО ""КАБ ""Викинг""";2
"ОАО ""НДБ""";2374
"ОАО АКБ ""РБР""";2782
"НКО ""МКС"" (ООО)";3242
Связной Банк (ЗАО);1961
"Коммерческий банк ""ВРБ"" (ООО)";3499
ББР Банк (ЗАО);2929
"ЗАО КБ ""Гагаринский""";606
"ПАО АКБ ""ИРОНБАНК""";1724
"ОАО ККБ ""КРЕДИТБАНК""";1035
"КБ ""МСБ"" (ООО)";3484
"ОАО ""УРАЛПРОМБАНК""";2964
"ОАО ""Банк ""Екатеринбург""";3161
"ЗАО ""Кавказ-Гелиос"" РНКО";1618
"ЗАО ""Ури Банк""";3479
"ЗАО ""С банк""";2581
"ОАО Банк ""СОДРУЖЕСТВО""";2923
"РНКО ""РЦ ЭНЕРГОБИЗНЕС"" (ООО)";3485
"ЗАО ""СМБ-Банк""";3504
"ОАО ""РосБР""";3340
"ООО НКО ""Дельта Кей""";3513
"ОАО АКБ ""ЭКСПРЕСС""";3084
"ЗАО АКБ ""Констанс-Банк""";2228
МОРСКОЙ БАНК (ОАО);77
"ООО КБ ""Донинвест""";1617
"ОАО ""РосДорБанк""";1573
"ОАО ""АБ Финанс Банк""";514
"КБ ""АКЭФ-БАНК"" (ООО)";3439
"Банк ""АББ"" (ОАО)";2937
"""РеКорБанк"" (ООО)";1134
"""Специнвестбанк"" (ООО)";2842
"АБ ""ГПБ-Ипотека"" (ОАО)";2403
"ООО КБ ""Ноябрьскнефтекомбанк""";2274
"ОАО РАКБ ""МОСКВА""";1661
"ООО ""АЛТЫНБАНК""";2070
"ООО ""Русфинанс Банк""";1792
"ОАО ""ОТП Банк""";2766
"АКБ ""Легион"" (АО)";3117
"ОАО АКБ ""ЮГРА""";880
"КБ ""Кутузовский"" ООО";3190
"ООО КБ ""РОСАВТОБАНК""";2767
"КБ ""ВИТЯЗЬ"" - (ООО)";2890
"ПАО ""МТС-Банк""";2268
"ОАО ""Социнвестбанк""";1132
ПАО Сбербанк;1481
"ЗАО ""М БАНК""";948
"КБ ""ОББ"" (ООО)";3491
"ООО КБ ""Финанс Бизнес Банк""";520
"АО ""ДАЛТА-БАНК""";142
"ОАО АБ ""КУБАНЬБАНК""";430
"ОАО ""Русь-Банк""";3073
"ООО ""МГМБ""";3192
"НКО ""ЮТИКПЭЙ"" (ООО)";3521
"ЗАО ""КБ Европлан""";3052
"АКБ ""ЛИНК-банк"" (ОАО)";2699
"ОАО ""НАРОДНЫЙ ЗЕМЕЛЬНО-ПРОМЫШЛЕННЫЙ БАНК""";2873
"ПАО ""Лето Банк""";650
Айви Банк (АО);2055
"КБ ""СДМ-БАНК"" (ОАО)";1637
"ООО ""Морган Стэнли Банк""";3456
"НКО ""Альтернатива"" (ООО)";3452
"ОАО Банк ""Кузнецкий""";609
ООО КБЦА;3037
"ООО НКО ""УЭК""";3524
"АО КБ ""ЮНИСТРИМ""";3467
"ОАО ""Волго-Камский банк""";282
"ОАО КБ ""СЕВЕРГАЗБАНК""";2816
"АО ""Банк Воронеж""";654
"ЗАО ""Банк ""Агророс""";2860
"АО АИКБ ""Енисейский объединенный банк""";2645
"ООО КБ ""Камский горизонт""";2554
"КБ ""Трансинвестбанк"" (ООО)";3238
"Банк ""СИБЭС"" (АО)";208
"АО ""РУНЭТБАНК""";2829
"Инвестиционный Банк ""ВЕСТА"" (ООО)";2368
"ЗАО УКБ ""Белгородсоцбанк""";760
"ООО ""Азия Банк""";3183
"Банк ""Вятич"" (ПАО)";2796
"ООО КБ ""Пульс Столицы""";3002
"АО ""СМАРТБАНК""";3408
"ПАО КБ ""ЕВРОКОММЕРЦ""";1777
"""Мой Банк. Новосибирск"" (ОАО)";2787
"ООО ""БАНК ФИНИНВЕСТ""";671
"Коммерческий Банк ""Аскания Траст"" (ООО)";286
"ЗАО ""Кубаньторгбанк""";478
"""Джей энд Ти Банк"" (ЗАО)";3061
"АО ""Заубер Банк""";1614
"ОАО ""Инвестиционный Городской Банк""";2534
"ОАО КБ ""Эллипс банк""";1950
"ПАО ""Плюс Банк""";1189
"ПАО ""Таганрогбанк""";3136
"ПАО ""Бест Эффортс Банк""";435
"АКБ ""НБВК"" (ЗАО)";3214
"ОАО АКБ ""Акцент""";696
ООО Банк ЗЕНИТ Сочи;232
"РНКО ""Платежный Центр"" (ООО)";3166
"Банк ""Еврокредит"" (ООО)";2957
"ПАО АКБ ""Балтика""";967
"КБ ""Кредитимпэкс Банк"" (ООО)";2037
"АКБ ""ЧУВАШКРЕДИТПРОМБАНК"" ОАО";1280
"ОАО КБ ""Синергия""";2884
"КБ ""Гарант-Инвест"" (ЗАО)";2576
"ООО НКО ""ПэйПал РУ""";3517
"ЗАО АКБ ""Хлебобанк""";1812
"КБ ""НМБ"" ООО";2932
"ОАО ""РГС Банк""";3073
"ЗАО ""ИпоТек Банк""";2794
"ОАО ""СМП Банк""";3368
"АО ""ПроБанк""";2471
"АКБ ""СЛАВИЯ"" (АО)";2664
"ОАО КБ ""ВАКОБАНК""";1291
"ЗАО ""БАНК КРЕДИТ СВИСС (МОСКВА)""";2494
"ООО ""НКО ""Паритет""";1860
"ПАО КБ ""ТЭСТ""";3440
"ОАО ""ИнтехБанк""";2705
"АО ""Нерюнгрибанк""";825
"ОАО КБ ""КЕДР""";1574
"ООО ""Первый Клиентский Банк""";3436
"ЗАО ""ФОРУС Банк""";3457
"АКБ ""ТКПБ"" (ОАО);1312
"ОАО ""МНХБ""";1411
"""Братский АНКБ"" ОАО";1144
"ОАО ""НВКбанк""";931
"АКБ ""Трансстройбанк"" (АО)";2807
"АО ""Си Ди Би БАНК""";3339
"ООО КБ ""ТРАСТОВЫЙ БАНК""";2780
"Банк ""АББ"" (АО)";2937
"КБ ""Москоммерцбанк"" (ОАО)";3365
"КБ ""ДС-Банк"" (ООО)";3439
"КБ ""БНП Париба Восток"" ООО";2168
"АО ""Банк Финсервис""";3388
"АКБ ""ФИНПРОМБАНК"" (ПАО)";2157
"ОАО БАНК ""РОСТ""";2589
"ООО КБ ""ПРОМИНВЕСТРАСЧЕТ""";2655
"ООО КБ ""ДОРИС БАНК""";1679
"ООО КБ ""Алжан""";2491
"ОАО ""ГУТА-БАНК""";256
"АКБ ""НРБанк"" (ОАО)";2170
"ПАО ""МОСКОМБАНК""";3172
"ООО КБ ""Нэклис-Банк""";1671
"ОАО Банк ""АЛЕКСАНДРОВСКИЙ""";53
"ЗАО НКО РКЦ ""КЛИРИНГОВЫЙ ДОМ""";3430
"(ЗАО ""НКБ ""СЛАВЯНБАНК"")";804
"КБ ""МКБ"" (ОАО)";2524
"ЗАО ""Тойота Банк""";3470
"АО Банк ""ТКПБ""";1312
"АКБ ""ГЛОБУС"" (ПАО)";2438
"АБ ""Алданзолотобанк"" ОАО";854
"АКБ ""Кросна-банк"" (ОАО)";2607
"ЗАО ""ДжиИ Мани Банк""";3316
"АКБ ""НБВК"" (АО)";3214
"АО ""МАЙКОПБАНК""";1136
"ОАО КБ ""КОСМОС""";2245
"КБ ""Первый Экспресс"" (ОАО)";3237
"ООО КБ ""ИСТОК""";520
"ОАО комбанк ""Окский""";1118
"АКБ ""Лэнд-Банк"" ЗАО";1478
"АО КБ ""ИС Банк""";3175
"КБ ""Кубанский универсальный банк"" (ООО)";2898
"АО ""Кубаньторгбанк""";478
"ПАО КБ ""КЕДР""";1574
"КБ ""Экспресс-кредит"" (АО)";210
"НКО РКЦ ""БИТ"" (ОАО)";3318
"ОАО АКБ ""Башкомснаббанк""";1398
"АКБ ""Энергобанк"" (ПАО)";67
"ООО КБ ""Ренессанс""";1939
"ПАО КБ ""ВАКОБАНК""";1291
"ОАО КБ ""РусЮгбанк""";2093
"ОАО ""АЛЬФА-БАНК""";1326
"АБ ""БПФ"" (ЗАО)";1677
"ПАО Комбанк ""Химик""";1114
"АКБ ""Спурт"" (ПАО)";2207
"АКБ ""ТКПБ"" (ОАО)";1312
"АКБ ""Ланта-Банк"" (ЗАО)";1920
"АКБ ""Балтийский Банк Развития"" (ЗАО)";2929
"ЗАО ""КРЕДИТ ЕВРОПА БАНК""";3311
"АКБ ""Зернобанк"" (ЗАО)";2337
"Банк ""Таатта"" АО";1249
"ОАО БАНК ""ТУЛЬСКИЙ ПРОМЫШЛЕННИК""";2382
"ООО ""Инбанк""";1829
"КБ ""МИА"" (АО)";3344
Азия-Инвест Банк (АО);3303
"ИКБР ""ЯРИНТЕРБАНК"" (ООО)";2564
"АКБ ""Тройка"" (ОАО)";2051
"АПБ ""Солидарность"" (ЗАО)";1555
"КБ ""Интеркредит"" (АО)";3047
"ОАО ""Нордеа Банк""";3016
"КБ ""Международный строительный банк"" (ООО)";3484
"ЗАО КБ ""СибКупБанк""";2949
"ООО КБ ""СТРОМКОМБАНК""";404
"ОАО Комсоцбанк ""Бумеранг""";1002
"ООО Коммерческий Банк ""ХИМЭКСИМБАНК""";3183
"АКИБ ""ОБРАЗОВАНИЕ"" (ЗАО)";1521
Банк ИПБ (АО);600
"АО ""Гринкомбанк""";1184
"ООО НКО ""Мурманский расчетный центр""";3341
"ОАО ""БыстроБанк""";1745
"ОАО АКБ ""Балтика""";967
"КБ ""Крокус-Банк"" (ООО)";2682
"Банк ""Левобережный"" (ОАО)";1343
"БАНК ""СОФРИНО"" (ЗАО)";2972
"ОАО ""ТрансКредитБанк""";2142
"""Муниципальный Камчатпрофитбанк"" (ЗАО)";2103
"ООО КБ ""КОЛЬЦО УРАЛА""";65
"КБ ""НЕФТЯНОЙ АЛЬЯНС"" (ОАО)";2859
"КБ ""Унифин"" ЗАО";2654
"ПАО ""Спиритбанк""";2053
"ПАО ""ИДЕЯ Банк""";430
Банк Экономический Союз (ОАО);2798
"АКБ ""ФИНПРОМБАНК"" (ОАО)";2157
"ООО ""НКО ""Вестерн Юнион ДП Восток""";2726
"ООО КБ ""Обибанк""";3185
Банк НКЦ (АО);3466
"ЗАО АКБ ""Кара Алтын""";2070
"ПАО ""Витабанк""";356
"АКБ ""АПАБАНК"" (ЗАО)";2404
"ПАО ""Банк ""Екатеринбург""";3161
"АКБ ""Энергобанк"" (ОАО)";67
"АКБ ""БНКВ"" (АО)";2472
"АО ""Банк ФИНАМ""";2799
"АО РНКО ""ФБ""";3502
"ООО Банк ""Кузнецкий""";609
"ПАО ""БИНБАНК Смоленск""";1957
"ОАО ""РУСИЧ ЦЕНТР БАНК""";2793
Банк НФК (АО);3437
"ОАО ""ОФК Банк""";2270
"ЗАО КБ ""ТЕТРАПОЛИС""";1586
"ООО КБ ""ПЛАТИНА""";2347
"АКБ ""Инвестторгбанк"" (ОАО)";2763
"Банк ""Прохладный"" ООО";874
